IDFolio,Ingreso,Estrato,EstratoAgregado,Imputados
1003037,1500001.0,3_ALTO,3_ALTO,0
1003048,2100000.0,3_ALTO,3_ALTO,0
1003077,1530000.0,3_ALTO,3_ALTO,1
1003103,1100000.0,3_ALTO,3_ALTO,0
2003002,950000.0,2_MEDIO,2_MEDIO,0
2003004,1350000.0,3_ALTO,3_ALTO,1
2003006,2700000.0,3_ALTO,3_ALTO,0
2013007,800000.0,2_MEDIO,2_MEDIO,0
2013009,1425000.0,3_ALTO,3_ALTO,0
2013013,1100000.0,3_ALTO,3_ALTO,0
2013015,800000.0,2_MEDIO,2_MEDIO,0
2013016,2425000.0,3_ALTO,3_ALTO,0
2018015,1575000.0,3_ALTO,3_ALTO,0
2018017,2125001.0,3_ALTO,3_ALTO,0
2018018,2775000.0,3_ALTO,3_ALTO,0
2018021,1500001.0,3_ALTO,3_ALTO,0
2018028,1500001.0,3_ALTO,3_ALTO,0
2023002,275000.0,1_BAJO,1_BAJO,0
2023004,625000.0,2_MEDIO,2_MEDIO,0
2023007,1425000.0,3_ALTO,3_ALTO,0
2023009,1350000.0,3_ALTO,3_ALTO,0
2023901,1325000.0,3_ALTO,3_ALTO,0
2025002,625000.0,2_MEDIO,2_MEDIO,0
2025008,975000.0,3_ALTO,3_ALTO,0
2025009,825000.0,2_MEDIO,2_MEDIO,0
2025901,750000.0,2_MEDIO,2_MEDIO,0
2027003,625000.0,2_MEDIO,2_MEDIO,0
2027007,1850000.0,3_ALTO,3_ALTO,0
2027008,2550001.0,3_ALTO,3_ALTO,0
2027009,1425000.0,3_ALTO,3_ALTO,0
2027901,1425000.0,3_ALTO,3_ALTO,0
2030002,2150000.0,3_ALTO,3_ALTO,0
2030010,1800000.0,3_ALTO,3_ALTO,1
2030019,3000002.0,3_ALTO,3_ALTO,0
2030020,1050000.0,3_ALTO,3_ALTO,0
2030021,1500001.0,3_ALTO,3_ALTO,0
2047002,2400000.0,3_ALTO,3_ALTO,0
2047005,2850001.0,3_ALTO,3_ALTO,0
2047008,3000002.0,3_ALTO,3_ALTO,0
2047902,2400000.0,3_ALTO,3_ALTO,0
3003005,1975000.0,3_ALTO,3_ALTO,0
3003038,900000.0,2_MEDIO,2_MEDIO,0
3003039,1525000.0,3_ALTO,3_ALTO,0
3003040,1425000.0,3_ALTO,3_ALTO,0
3004002,800000.0,2_MEDIO,2_MEDIO,0
3004010,450000.0,2_MEDIO,2_MEDIO,0
3004013,1250000.0,3_ALTO,3_ALTO,0
3004015,1350000.0,3_ALTO,3_ALTO,0
3005002,850000.0,2_MEDIO,2_MEDIO,0
3005007,1850000.0,3_ALTO,3_ALTO,0
3005009,2100000.0,3_ALTO,3_ALTO,0
3005012,275000.0,1_BAJO,1_BAJO,0
3006001,475000.0,2_MEDIO,2_MEDIO,0
3006007,1375000.0,3_ALTO,3_ALTO,0
3006010,1275000.0,3_ALTO,3_ALTO,0
3006012,850000.0,2_MEDIO,2_MEDIO,0
4003031,515000.0,2_MEDIO,2_MEDIO,0
4003032,225000.0,1_BAJO,1_BAJO,0
4003033,225000.0,1_BAJO,1_BAJO,0
4003034,165000.0,1_BAJO,1_BAJO,0
4006006,350000.0,1_BAJO,1_BAJO,0
4006901,350000.0,1_BAJO,1_BAJO,0
4006902,475000.0,2_MEDIO,2_MEDIO,0
4006903,555000.0,2_MEDIO,2_MEDIO,0
4008003,500000.0,2_MEDIO,2_MEDIO,0
4008005,275000.0,1_BAJO,1_BAJO,0
4008009,275000.0,1_BAJO,1_BAJO,0
4008901,625000.0,2_MEDIO,2_MEDIO,0
4011019,270000.0,1_BAJO,1_BAJO,0
4011020,435000.0,2_MEDIO,2_MEDIO,0
4011022,225000.0,1_BAJO,1_BAJO,0
4015003,975000.0,3_ALTO,3_ALTO,0
4015004,450000.0,2_MEDIO,2_MEDIO,0
4015005,330000.0,1_BAJO,1_BAJO,0
4015008,165000.0,1_BAJO,1_BAJO,0
4015010,450000.0,2_MEDIO,2_MEDIO,0
4015011,440000.0,2_MEDIO,2_MEDIO,0
4015015,455000.0,2_MEDIO,2_MEDIO,0
4021901,575000.0,2_MEDIO,2_MEDIO,0
4021902,390000.0,2_MEDIO,2_MEDIO,0
4021903,300000.0,1_BAJO,1_BAJO,1
4021904,300000.0,1_BAJO,1_BAJO,1
4024039,475000.0,2_MEDIO,2_MEDIO,0
4024043,600000.0,2_MEDIO,2_MEDIO,1
4024046,2400000.0,3_ALTO,3_ALTO,0
4024052,1350000.0,3_ALTO,3_ALTO,0
4026002,1675000.0,3_ALTO,3_ALTO,0
4026005,1250000.0,3_ALTO,3_ALTO,0
4026006,800000.0,2_MEDIO,2_MEDIO,1
4026021,800000.0,2_MEDIO,2_MEDIO,0
4033013,1170000.0,3_ALTO,3_ALTO,1
4033017,750000.0,2_MEDIO,2_MEDIO,0
4033018,165000.0,1_BAJO,1_BAJO,0
4033019,450000.0,2_MEDIO,2_MEDIO,0
5007002,1015000.0,3_ALTO,3_ALTO,0
5007026,625000.0,2_MEDIO,2_MEDIO,0
5007028,950000.0,2_MEDIO,2_MEDIO,0
5007903,2075000.0,3_ALTO,3_ALTO,0
5022902,1275000.0,3_ALTO,3_ALTO,0
5022903,475000.0,2_MEDIO,2_MEDIO,0
5022904,475000.0,2_MEDIO,2_MEDIO,0
5022905,2540000.0,3_ALTO,3_ALTO,0
5022906,1700000.0,3_ALTO,3_ALTO,0
5022907,2500000.0,3_ALTO,3_ALTO,0
5022909,350000.0,1_BAJO,1_BAJO,0
5022910,665000.0,2_MEDIO,2_MEDIO,0
5027901,2450000.0,3_ALTO,3_ALTO,0
5027902,1350000.0,3_ALTO,3_ALTO,0
5027903,625000.0,2_MEDIO,2_MEDIO,0
5027904,2625000.0,3_ALTO,3_ALTO,0
6001901,840000.0,2_MEDIO,2_MEDIO,0
6001903,1250000.0,3_ALTO,3_ALTO,0
6001905,1440000.0,3_ALTO,3_ALTO,0
6001906,145000.0,1_BAJO,1_BAJO,0
6001907,105000.0,1_BAJO,1_BAJO,0
6002901,1050000.0,3_ALTO,3_ALTO,0
6002902,225000.0,1_BAJO,1_BAJO,0
6002903,1565000.0,3_ALTO,3_ALTO,0
6002904,830000.0,2_MEDIO,2_MEDIO,0
6002905,800000.0,2_MEDIO,2_MEDIO,0
7001005,550000.0,2_MEDIO,2_MEDIO,0
7001006,900000.0,2_MEDIO,2_MEDIO,0
7001008,1800000.0,3_ALTO,3_ALTO,1
7001009,975000.0,3_ALTO,3_ALTO,0
7006004,500000.0,2_MEDIO,2_MEDIO,0
7006014,165000.0,1_BAJO,1_BAJO,0
7006015,165000.0,1_BAJO,1_BAJO,0
7008016,1325000.0,3_ALTO,3_ALTO,0
7008020,165000.0,1_BAJO,1_BAJO,0
7008023,225000.0,1_BAJO,1_BAJO,0
7008036,500000.0,2_MEDIO,2_MEDIO,0
8001901,900000.0,2_MEDIO,2_MEDIO,0
8001902,165000.0,1_BAJO,1_BAJO,0
8001903,1192500.0,3_ALTO,3_ALTO,1
8005011,330000.0,1_BAJO,1_BAJO,0
8005012,105000.0,1_BAJO,1_BAJO,0
8005013,770000.0,2_MEDIO,2_MEDIO,0
8005025,800000.0,2_MEDIO,2_MEDIO,1
8007007,275000.0,1_BAJO,1_BAJO,0
8007008,210000.0,1_BAJO,1_BAJO,0
8007011,165000.0,1_BAJO,1_BAJO,0
8007906,1380000.0,3_ALTO,3_ALTO,0
8008040,1500001.0,3_ALTO,3_ALTO,0
8008901,640000.0,2_MEDIO,2_MEDIO,0
8008902,105000.0,1_BAJO,1_BAJO,0
8008903,555000.0,2_MEDIO,2_MEDIO,0
8011002,225000.0,1_BAJO,1_BAJO,0
8011009,825000.0,2_MEDIO,2_MEDIO,0
8011011,350000.0,1_BAJO,1_BAJO,0
8011017,105000.0,1_BAJO,1_BAJO,0
8011018,330000.0,1_BAJO,1_BAJO,0
8015002,165000.0,1_BAJO,1_BAJO,0
8015004,210000.0,1_BAJO,1_BAJO,0
8015006,370000.0,2_MEDIO,2_MEDIO,0
8015007,380000.0,2_MEDIO,2_MEDIO,0
8019005,450000.0,2_MEDIO,2_MEDIO,0
8019015,1280000.0,3_ALTO,3_ALTO,0
8019901,700000.0,2_MEDIO,2_MEDIO,0
8019902,740000.0,2_MEDIO,2_MEDIO,0
8019903,545000.0,2_MEDIO,2_MEDIO,0
8023002,440000.0,2_MEDIO,2_MEDIO,0
8023005,455000.0,2_MEDIO,2_MEDIO,0
8023008,435000.0,2_MEDIO,2_MEDIO,0
8023009,455000.0,2_MEDIO,2_MEDIO,0
9003002,500000.0,2_MEDIO,2_MEDIO,0
9003008,225000.0,1_BAJO,1_BAJO,0
9003009,440000.0,2_MEDIO,2_MEDIO,0
9003012,165000.0,1_BAJO,1_BAJO,0
10003004,775000.0,2_MEDIO,2_MEDIO,0
10003016,350000.0,1_BAJO,1_BAJO,0
10003019,330000.0,1_BAJO,1_BAJO,0
10003021,225000.0,1_BAJO,1_BAJO,0
10006003,950000.0,2_MEDIO,2_MEDIO,0
10006005,275000.0,1_BAJO,1_BAJO,0
10006006,775000.0,2_MEDIO,2_MEDIO,0
10006007,275000.0,1_BAJO,1_BAJO,0
10008901,270000.0,1_BAJO,1_BAJO,0
10008903,1415000.0,3_ALTO,3_ALTO,0
10008905,950000.0,2_MEDIO,2_MEDIO,0
10008907,225000.0,1_BAJO,1_BAJO,0
10008908,865000.0,2_MEDIO,2_MEDIO,0
10008909,515000.0,2_MEDIO,2_MEDIO,0
10008910,1050000.0,3_ALTO,3_ALTO,0
10008911,475000.0,2_MEDIO,2_MEDIO,0
10009901,625000.0,2_MEDIO,2_MEDIO,0
10009902,555000.0,2_MEDIO,2_MEDIO,0
10009903,580000.0,2_MEDIO,2_MEDIO,0
10009904,2400000.0,3_ALTO,3_ALTO,0
10009905,310000.0,1_BAJO,1_BAJO,0
10010901,330000.0,1_BAJO,1_BAJO,0
10014004,450000.0,2_MEDIO,2_MEDIO,0
10014015,575000.0,2_MEDIO,2_MEDIO,0
10014017,1125000.0,3_ALTO,3_ALTO,1
10014019,500000.0,2_MEDIO,2_MEDIO,0
10014025,275000.0,1_BAJO,1_BAJO,0
10018003,475000.0,2_MEDIO,2_MEDIO,0
10018005,275000.0,1_BAJO,1_BAJO,0
10018008,625000.0,2_MEDIO,2_MEDIO,0
10018017,575000.0,2_MEDIO,2_MEDIO,0
11002035,950000.0,2_MEDIO,2_MEDIO,0
11002097,240000.0,1_BAJO,1_BAJO,1
11002106,1100000.0,3_ALTO,3_ALTO,0
11002905,1275000.0,3_ALTO,3_ALTO,0
11005001,435000.0,2_MEDIO,2_MEDIO,0
11005005,265000.0,1_BAJO,1_BAJO,0
11005010,250000.0,1_BAJO,1_BAJO,0
11005030,515000.0,2_MEDIO,2_MEDIO,0
11005041,515000.0,2_MEDIO,2_MEDIO,0
11007002,270000.0,1_BAJO,1_BAJO,0
11007006,315000.0,1_BAJO,1_BAJO,0
11007012,105000.0,1_BAJO,1_BAJO,0
11007017,305000.0,1_BAJO,1_BAJO,0
11010013,495000.0,2_MEDIO,2_MEDIO,0
11010016,680000.0,2_MEDIO,2_MEDIO,0
11010017,350000.0,1_BAJO,1_BAJO,0
11010902,785000.0,2_MEDIO,2_MEDIO,0
11010903,625000.0,2_MEDIO,2_MEDIO,0
11013022,950000.0,2_MEDIO,2_MEDIO,0
11013032,225000.0,1_BAJO,1_BAJO,0
11013037,210000.0,1_BAJO,1_BAJO,0
11013901,700000.0,2_MEDIO,2_MEDIO,0
11017002,225000.0,1_BAJO,1_BAJO,0
11017004,640000.0,2_MEDIO,2_MEDIO,0
11017009,105000.0,1_BAJO,1_BAJO,0
11017022,480000.0,2_MEDIO,2_MEDIO,0
11019003,350000.0,1_BAJO,1_BAJO,0
11019004,535000.0,2_MEDIO,2_MEDIO,0
11019005,380000.0,2_MEDIO,2_MEDIO,0
11019010,550000.0,2_MEDIO,2_MEDIO,0
11021001,585000.0,2_MEDIO,2_MEDIO,0
11021002,275000.0,1_BAJO,1_BAJO,0
11021011,350000.0,1_BAJO,1_BAJO,0
11021026,900000.0,2_MEDIO,2_MEDIO,0
12002002,830000.0,2_MEDIO,2_MEDIO,0
12002004,480000.0,2_MEDIO,2_MEDIO,0
12002006,330000.0,1_BAJO,1_BAJO,0
12002009,415000.0,2_MEDIO,2_MEDIO,0
12005011,165000.0,1_BAJO,1_BAJO,0
12005015,580000.0,2_MEDIO,2_MEDIO,0
12005016,380000.0,2_MEDIO,2_MEDIO,0
12007901,210000.0,1_BAJO,1_BAJO,0
12007902,390000.0,2_MEDIO,2_MEDIO,0
12007903,165000.0,1_BAJO,1_BAJO,0
12007904,165000.0,1_BAJO,1_BAJO,0
12007905,500000.0,2_MEDIO,2_MEDIO,0
12007906,330000.0,1_BAJO,1_BAJO,0
12008001,905000.0,2_MEDIO,2_MEDIO,0
12008003,205000.0,1_BAJO,1_BAJO,0
12008013,390000.0,2_MEDIO,2_MEDIO,0
12008015,105000.0,1_BAJO,1_BAJO,0
12012904,315000.0,1_BAJO,1_BAJO,0
12013901,275000.0,1_BAJO,1_BAJO,0
12013902,165000.0,1_BAJO,1_BAJO,0
12013903,145000.0,1_BAJO,1_BAJO,0
12013904,40000.0,1_BAJO,1_BAJO,0
12013905,310000.0,1_BAJO,1_BAJO,0
12016001,730000.0,2_MEDIO,2_MEDIO,0
12016003,800000.0,2_MEDIO,2_MEDIO,0
12016005,1050000.0,3_ALTO,3_ALTO,0
12016006,1455000.0,3_ALTO,3_ALTO,0
12022010,475000.0,2_MEDIO,2_MEDIO,0
12026901,800000.0,2_MEDIO,2_MEDIO,0
12026902,1550000.0,3_ALTO,3_ALTO,0
12026903,2150000.0,3_ALTO,3_ALTO,0
12026904,625000.0,2_MEDIO,2_MEDIO,0
12026905,275000.0,1_BAJO,1_BAJO,0
12028003,625000.0,2_MEDIO,2_MEDIO,0
12028014,2300001.0,3_ALTO,3_ALTO,0
12028016,1155000.0,3_ALTO,3_ALTO,0
12028017,1350000.0,3_ALTO,3_ALTO,0
12032004,1525000.0,3_ALTO,3_ALTO,0
12032005,475000.0,2_MEDIO,2_MEDIO,0
12032010,225000.0,1_BAJO,1_BAJO,0
12032012,2700000.0,3_ALTO,3_ALTO,0
12036901,105000.0,1_BAJO,1_BAJO,0
12041006,330000.0,1_BAJO,1_BAJO,0
12041021,105000.0,1_BAJO,1_BAJO,0
12041038,165000.0,1_BAJO,1_BAJO,0
12041043,40000.0,1_BAJO,1_BAJO,0
12044006,475000.0,2_MEDIO,2_MEDIO,0
12044009,350000.0,1_BAJO,1_BAJO,0
12044013,625000.0,2_MEDIO,2_MEDIO,0
12044017,515000.0,2_MEDIO,2_MEDIO,0
12048006,350000.0,1_BAJO,1_BAJO,0
12048010,825000.0,2_MEDIO,2_MEDIO,0
12048011,600000.0,2_MEDIO,2_MEDIO,1
12048013,1690000.0,3_ALTO,3_ALTO,0
12048014,1490000.0,3_ALTO,3_ALTO,0
12051000,1440000.0,3_ALTO,3_ALTO,0
12051006,165000.0,1_BAJO,1_BAJO,0
12051007,440000.0,2_MEDIO,2_MEDIO,0
12051014,440000.0,2_MEDIO,2_MEDIO,0
12054007,1500001.0,3_ALTO,3_ALTO,0
12054014,800000.0,2_MEDIO,2_MEDIO,0
12054027,625000.0,2_MEDIO,2_MEDIO,0
12054030,40000.0,1_BAJO,1_BAJO,0
13004010,975000.0,3_ALTO,3_ALTO,0
13004011,275000.0,1_BAJO,1_BAJO,0
13004014,1600000.0,3_ALTO,3_ALTO,0
13004015,1265000.0,3_ALTO,3_ALTO,0
13006901,600000.0,2_MEDIO,2_MEDIO,1
13006902,1250000.0,3_ALTO,3_ALTO,0
13006903,350000.0,1_BAJO,1_BAJO,0
13011004,515000.0,2_MEDIO,2_MEDIO,0
13011014,640000.0,2_MEDIO,2_MEDIO,0
13011015,640000.0,2_MEDIO,2_MEDIO,0
13011016,640000.0,2_MEDIO,2_MEDIO,0
13011022,1100000.0,3_ALTO,3_ALTO,0
13015003,1100000.0,3_ALTO,3_ALTO,0
13015007,625000.0,2_MEDIO,2_MEDIO,0
13015008,2100000.0,3_ALTO,3_ALTO,0
13015901,1600000.0,3_ALTO,3_ALTO,0
13015902,800000.0,2_MEDIO,2_MEDIO,1
13023005,475000.0,2_MEDIO,2_MEDIO,0
13023011,1565000.0,3_ALTO,3_ALTO,0
13023014,1100000.0,3_ALTO,3_ALTO,0
13023016,620000.0,2_MEDIO,2_MEDIO,0
13023017,625000.0,2_MEDIO,2_MEDIO,0
14002901,225000.0,1_BAJO,1_BAJO,0
14002902,1050000.0,3_ALTO,3_ALTO,0
14002903,165000.0,1_BAJO,1_BAJO,0
14002904,575000.0,2_MEDIO,2_MEDIO,0
14005018,625000.0,2_MEDIO,2_MEDIO,0
14005901,440000.0,2_MEDIO,2_MEDIO,0
14005902,850000.0,2_MEDIO,2_MEDIO,0
14005903,625000.0,2_MEDIO,2_MEDIO,0
14008004,620000.0,2_MEDIO,2_MEDIO,0
14008009,665000.0,2_MEDIO,2_MEDIO,0
14008901,1295000.0,3_ALTO,3_ALTO,0
14008902,450000.0,2_MEDIO,2_MEDIO,0
14010015,540000.0,2_MEDIO,2_MEDIO,0
14010016,625000.0,2_MEDIO,2_MEDIO,0
14010018,515000.0,2_MEDIO,2_MEDIO,0
14010019,905000.0,2_MEDIO,2_MEDIO,0
14010022,475000.0,2_MEDIO,2_MEDIO,0
14014030,625000.0,2_MEDIO,2_MEDIO,0
14014052,1500001.0,3_ALTO,3_ALTO,0
14014901,475000.0,2_MEDIO,2_MEDIO,0
14014902,625000.0,2_MEDIO,2_MEDIO,0
15006001,1250000.0,3_ALTO,3_ALTO,0
15006004,500000.0,2_MEDIO,2_MEDIO,0
15006006,625000.0,2_MEDIO,2_MEDIO,0
15006007,625000.0,2_MEDIO,2_MEDIO,0
15006026,950000.0,2_MEDIO,2_MEDIO,0
15007001,950000.0,2_MEDIO,2_MEDIO,0
15007005,225000.0,1_BAJO,1_BAJO,0
15007006,1675000.0,3_ALTO,3_ALTO,0
15007011,900000.0,2_MEDIO,2_MEDIO,0
15011005,1425000.0,3_ALTO,3_ALTO,0
15011011,800000.0,2_MEDIO,2_MEDIO,0
15011025,275000.0,1_BAJO,1_BAJO,0
15011028,275000.0,1_BAJO,1_BAJO,0
15014009,975000.0,3_ALTO,3_ALTO,0
15014010,950000.0,2_MEDIO,2_MEDIO,0
15014011,1100000.0,3_ALTO,3_ALTO,0
15021004,700000.0,2_MEDIO,2_MEDIO,0
15021005,750000.0,2_MEDIO,2_MEDIO,0
15021009,475000.0,2_MEDIO,2_MEDIO,0
15021013,275000.0,1_BAJO,1_BAJO,0
15025015,275000.0,1_BAJO,1_BAJO,0
15030007,825000.0,2_MEDIO,2_MEDIO,0
15030009,275000.0,1_BAJO,1_BAJO,0
15030012,900000.0,2_MEDIO,2_MEDIO,0
15030020,625000.0,2_MEDIO,2_MEDIO,0
16002030,1125000.0,3_ALTO,3_ALTO,1
16002127,1080000.0,3_ALTO,3_ALTO,1
16002149,1080000.0,3_ALTO,3_ALTO,1
16002162,1150000.0,3_ALTO,3_ALTO,0
16003006,1675000.0,3_ALTO,3_ALTO,0
16003019,1850000.0,3_ALTO,3_ALTO,0
16003023,1250000.0,3_ALTO,3_ALTO,0
16003028,800000.0,2_MEDIO,2_MEDIO,0
16004002,350000.0,1_BAJO,1_BAJO,0
16004003,1875000.0,3_ALTO,3_ALTO,0
16004020,1250000.0,3_ALTO,3_ALTO,0
16004063,800000.0,2_MEDIO,2_MEDIO,0
16004064,500000.0,2_MEDIO,2_MEDIO,0
16010012,555000.0,2_MEDIO,2_MEDIO,0
16010015,1505000.0,3_ALTO,3_ALTO,0
16010021,975000.0,3_ALTO,3_ALTO,0
16010901,560000.0,2_MEDIO,2_MEDIO,1
16015001,475000.0,2_MEDIO,2_MEDIO,0
16015004,1950000.0,3_ALTO,3_ALTO,0
16015013,1275000.0,3_ALTO,3_ALTO,0
16015014,625000.0,2_MEDIO,2_MEDIO,0
16022011,1490000.0,3_ALTO,3_ALTO,0
16022014,515000.0,2_MEDIO,2_MEDIO,0
16022021,350000.0,1_BAJO,1_BAJO,0
16022024,350000.0,1_BAJO,1_BAJO,0
16025016,625000.0,2_MEDIO,2_MEDIO,0
16025018,900000.0,2_MEDIO,2_MEDIO,0
16025020,640000.0,2_MEDIO,2_MEDIO,0
16025022,350000.0,1_BAJO,1_BAJO,0
16028008,275000.0,1_BAJO,1_BAJO,0
16028025,1350000.0,3_ALTO,3_ALTO,1
16028043,225000.0,1_BAJO,1_BAJO,0
16028044,865000.0,2_MEDIO,2_MEDIO,0
16032002,1850000.0,3_ALTO,3_ALTO,0
16032003,2465001.0,3_ALTO,3_ALTO,0
16032004,1425000.0,3_ALTO,3_ALTO,0
16032007,2215000.0,3_ALTO,3_ALTO,0
16039003,790000.0,2_MEDIO,2_MEDIO,0
16039013,1075000.0,3_ALTO,3_ALTO,0
16039018,1275000.0,3_ALTO,3_ALTO,0
16042013,1175000.0,3_ALTO,3_ALTO,0
16042016,625000.0,2_MEDIO,2_MEDIO,0
16042019,1325000.0,3_ALTO,3_ALTO,0
16042020,730000.0,2_MEDIO,2_MEDIO,0
16043004,1675000.0,3_ALTO,3_ALTO,0
16043006,1500001.0,3_ALTO,3_ALTO,0
16043012,165000.0,1_BAJO,1_BAJO,0
16043013,1100000.0,3_ALTO,3_ALTO,0
16047004,1675000.0,3_ALTO,3_ALTO,0
16047006,475000.0,2_MEDIO,2_MEDIO,0
16047009,790000.0,2_MEDIO,2_MEDIO,0
16047015,750000.0,2_MEDIO,2_MEDIO,0
16047017,475000.0,2_MEDIO,2_MEDIO,0
16047019,625000.0,2_MEDIO,2_MEDIO,0
16052005,855000.0,2_MEDIO,2_MEDIO,0
16052017,740000.0,2_MEDIO,2_MEDIO,0
16052020,625000.0,2_MEDIO,2_MEDIO,0
16052025,1140000.0,3_ALTO,3_ALTO,0
16056001,350000.0,1_BAJO,1_BAJO,0
16056016,1050000.0,3_ALTO,3_ALTO,0
16056017,1215000.0,3_ALTO,3_ALTO,0
16056020,800000.0,2_MEDIO,2_MEDIO,0
16061011,1850000.0,3_ALTO,3_ALTO,0
16061012,3000002.0,3_ALTO,3_ALTO,0
16061018,2080000.0,3_ALTO,3_ALTO,0
16065011,800000.0,2_MEDIO,2_MEDIO,0
16065021,475000.0,2_MEDIO,2_MEDIO,0
16065023,605000.0,2_MEDIO,2_MEDIO,0
16071001,1425000.0,3_ALTO,3_ALTO,0
16071014,475000.0,2_MEDIO,2_MEDIO,0
16071017,1390000.0,3_ALTO,3_ALTO,0
16071019,1700000.0,3_ALTO,3_ALTO,0
16072015,1125000.0,3_ALTO,3_ALTO,1
16072016,350000.0,1_BAJO,1_BAJO,0
16072017,1240000.0,3_ALTO,3_ALTO,0
16072019,350000.0,1_BAJO,1_BAJO,0
16076003,2190000.0,3_ALTO,3_ALTO,0
16076009,1325000.0,3_ALTO,3_ALTO,0
16076019,1990000.0,3_ALTO,3_ALTO,0
16076022,2400000.0,3_ALTO,3_ALTO,0
16082003,1050000.0,3_ALTO,3_ALTO,0
16082004,990000.0,3_ALTO,3_ALTO,1
16082005,475000.0,2_MEDIO,2_MEDIO,0
16082010,1650000.0,3_ALTO,3_ALTO,0
16083057,625000.0,2_MEDIO,2_MEDIO,0
16083095,315000.0,1_BAJO,1_BAJO,0
16083142,275000.0,1_BAJO,1_BAJO,0
16084038,1050000.0,3_ALTO,3_ALTO,0
16084049,475000.0,2_MEDIO,2_MEDIO,0
16084053,350000.0,1_BAJO,1_BAJO,0
16084060,475000.0,2_MEDIO,2_MEDIO,0
16086004,330000.0,1_BAJO,1_BAJO,0
16086005,825000.0,2_MEDIO,2_MEDIO,0
16086006,700000.0,2_MEDIO,2_MEDIO,0
16086011,225000.0,1_BAJO,1_BAJO,0
16086018,575000.0,2_MEDIO,2_MEDIO,0
16086024,900000.0,2_MEDIO,2_MEDIO,0
16086025,350000.0,1_BAJO,1_BAJO,0
16086029,700000.0,2_MEDIO,2_MEDIO,0
16089007,475000.0,2_MEDIO,2_MEDIO,0
16089015,225000.0,1_BAJO,1_BAJO,0
16089019,580000.0,2_MEDIO,2_MEDIO,0
16089026,790000.0,2_MEDIO,2_MEDIO,0
16100035,145000.0,1_BAJO,1_BAJO,0
16100062,640000.0,2_MEDIO,2_MEDIO,0
16100110,575000.0,2_MEDIO,2_MEDIO,0
16100902,625000.0,2_MEDIO,2_MEDIO,0
16102005,350000.0,1_BAJO,1_BAJO,0
16102010,1275000.0,3_ALTO,3_ALTO,0
16102024,390000.0,2_MEDIO,2_MEDIO,0
16102028,750000.0,2_MEDIO,2_MEDIO,0
16103054,1115000.0,3_ALTO,3_ALTO,0
16103056,240000.0,1_BAJO,1_BAJO,1
17005004,625000.0,2_MEDIO,2_MEDIO,0
17005006,165000.0,1_BAJO,1_BAJO,0
17005015,350000.0,1_BAJO,1_BAJO,0
17005019,750000.0,2_MEDIO,2_MEDIO,0
17008001,105000.0,1_BAJO,1_BAJO,0
17008005,825000.0,2_MEDIO,2_MEDIO,0
17008007,640000.0,2_MEDIO,2_MEDIO,0
17008015,40000.0,1_BAJO,1_BAJO,0
17008018,825000.0,2_MEDIO,2_MEDIO,0
17014002,350000.0,1_BAJO,1_BAJO,0
17014006,575000.0,2_MEDIO,2_MEDIO,0
17014010,475000.0,2_MEDIO,2_MEDIO,0
17014011,440000.0,2_MEDIO,2_MEDIO,0
17017021,165000.0,1_BAJO,1_BAJO,0
17017051,680000.0,2_MEDIO,2_MEDIO,1
17017052,825000.0,2_MEDIO,2_MEDIO,0
17017054,350000.0,1_BAJO,1_BAJO,0
18005013,515000.0,2_MEDIO,2_MEDIO,0
18005014,825000.0,2_MEDIO,2_MEDIO,0
18005901,380000.0,2_MEDIO,2_MEDIO,0
18005902,475000.0,2_MEDIO,2_MEDIO,0
18012003,625000.0,2_MEDIO,2_MEDIO,0
18012007,390000.0,2_MEDIO,2_MEDIO,0
18012010,475000.0,2_MEDIO,2_MEDIO,0
18012901,975000.0,3_ALTO,3_ALTO,0
18015001,975000.0,3_ALTO,3_ALTO,0
18015005,1850000.0,3_ALTO,3_ALTO,0
18015010,800000.0,2_MEDIO,2_MEDIO,0
18015017,1050000.0,3_ALTO,3_ALTO,0
18025901,1050000.0,3_ALTO,3_ALTO,0
18025903,800000.0,2_MEDIO,2_MEDIO,0
18025904,1425000.0,3_ALTO,3_ALTO,0
18025906,1350000.0,3_ALTO,3_ALTO,0
18026011,475000.0,2_MEDIO,2_MEDIO,0
18026023,625000.0,2_MEDIO,2_MEDIO,0
18026901,1100000.0,3_ALTO,3_ALTO,0
18026902,1275000.0,3_ALTO,3_ALTO,0
18027011,625000.0,2_MEDIO,2_MEDIO,0
18027902,1425000.0,3_ALTO,3_ALTO,0
18027903,2850001.0,3_ALTO,3_ALTO,0
18027904,1050000.0,3_ALTO,3_ALTO,0
19004019,330000.0,1_BAJO,1_BAJO,0
19004901,1250000.0,3_ALTO,3_ALTO,0
19004902,165000.0,1_BAJO,1_BAJO,0
19005007,625000.0,2_MEDIO,2_MEDIO,0
19005901,700000.0,2_MEDIO,2_MEDIO,0
19005902,1425000.0,3_ALTO,3_ALTO,0
19005903,800000.0,2_MEDIO,2_MEDIO,0
19007901,1075000.0,3_ALTO,3_ALTO,0
19007902,2150000.0,3_ALTO,3_ALTO,0
19007903,1425000.0,3_ALTO,3_ALTO,0
19009006,275000.0,1_BAJO,1_BAJO,0
19009009,2300001.0,3_ALTO,3_ALTO,0
19009012,475000.0,2_MEDIO,2_MEDIO,0
19009014,1425000.0,3_ALTO,3_ALTO,0
20002002,805000.0,2_MEDIO,2_MEDIO,0
20002015,515000.0,2_MEDIO,2_MEDIO,0
20002022,350000.0,1_BAJO,1_BAJO,0
20002024,625000.0,2_MEDIO,2_MEDIO,0
20006009,700000.0,2_MEDIO,2_MEDIO,0
20006012,800000.0,2_MEDIO,2_MEDIO,0
20006019,515000.0,2_MEDIO,2_MEDIO,0
20006024,225000.0,1_BAJO,1_BAJO,0
20008011,965000.0,3_ALTO,3_ALTO,0
20008022,40000.0,1_BAJO,1_BAJO,0
20008024,725000.0,2_MEDIO,2_MEDIO,0
20008025,330000.0,1_BAJO,1_BAJO,0
20017003,165000.0,1_BAJO,1_BAJO,0
20017009,625000.0,2_MEDIO,2_MEDIO,0
20017012,40000.0,1_BAJO,1_BAJO,0
20017021,515000.0,2_MEDIO,2_MEDIO,0
20022022,300000.0,1_BAJO,1_BAJO,1
20022025,270000.0,1_BAJO,1_BAJO,0
20022029,300000.0,1_BAJO,1_BAJO,1
20022030,225000.0,1_BAJO,1_BAJO,0
20026007,515000.0,2_MEDIO,2_MEDIO,0
20026018,740000.0,2_MEDIO,2_MEDIO,0
20026020,700000.0,2_MEDIO,2_MEDIO,0
20026023,330000.0,1_BAJO,1_BAJO,0
20029002,580000.0,2_MEDIO,2_MEDIO,0
20029010,330000.0,1_BAJO,1_BAJO,0
20029016,330000.0,1_BAJO,1_BAJO,0
20029031,475000.0,2_MEDIO,2_MEDIO,0
20031003,475000.0,2_MEDIO,2_MEDIO,0
20031005,1450000.0,3_ALTO,3_ALTO,0
20031007,895000.0,2_MEDIO,2_MEDIO,0
20031020,1130000.0,3_ALTO,3_ALTO,0
21014001,580000.0,2_MEDIO,2_MEDIO,0
21014003,1440000.0,3_ALTO,3_ALTO,0
21014005,625000.0,2_MEDIO,2_MEDIO,0
21014008,1050000.0,3_ALTO,3_ALTO,0
21014015,440000.0,2_MEDIO,2_MEDIO,0
21016010,275000.0,1_BAJO,1_BAJO,0
21016011,475000.0,2_MEDIO,2_MEDIO,0
21016014,475000.0,2_MEDIO,2_MEDIO,0
21016029,625000.0,2_MEDIO,2_MEDIO,0
21018010,620000.0,2_MEDIO,2_MEDIO,0
21018011,225000.0,1_BAJO,1_BAJO,0
21018017,680000.0,2_MEDIO,2_MEDIO,0
21018019,475000.0,2_MEDIO,2_MEDIO,0
21025004,165000.0,1_BAJO,1_BAJO,0
21025011,700000.0,2_MEDIO,2_MEDIO,0
21025014,850000.0,2_MEDIO,2_MEDIO,0
21025016,850000.0,2_MEDIO,2_MEDIO,0
21025017,750000.0,2_MEDIO,2_MEDIO,0
21031010,900000.0,2_MEDIO,2_MEDIO,0
21031012,515000.0,2_MEDIO,2_MEDIO,0
21031014,625000.0,2_MEDIO,2_MEDIO,0
21031021,605000.0,2_MEDIO,2_MEDIO,0
21032001,1425000.0,3_ALTO,3_ALTO,0
21032002,390000.0,2_MEDIO,2_MEDIO,0
21032004,790000.0,2_MEDIO,2_MEDIO,0
21032009,440000.0,2_MEDIO,2_MEDIO,0
21038003,350000.0,1_BAJO,1_BAJO,0
21038008,390000.0,2_MEDIO,2_MEDIO,0
21038010,275000.0,1_BAJO,1_BAJO,0
21038011,205000.0,1_BAJO,1_BAJO,0
21044001,475000.0,2_MEDIO,2_MEDIO,0
21044002,275000.0,1_BAJO,1_BAJO,0
21044004,1080000.0,3_ALTO,3_ALTO,1
21044008,275000.0,1_BAJO,1_BAJO,0
21044011,1175000.0,3_ALTO,3_ALTO,0
21050004,665000.0,2_MEDIO,2_MEDIO,0
21050005,225000.0,1_BAJO,1_BAJO,0
21050012,350000.0,1_BAJO,1_BAJO,0
21050013,640000.0,2_MEDIO,2_MEDIO,0
21058901,330000.0,1_BAJO,1_BAJO,0
21058902,485000.0,2_MEDIO,2_MEDIO,0
21058903,165000.0,1_BAJO,1_BAJO,0
21058904,375000.0,2_MEDIO,2_MEDIO,0
21069901,105000.0,1_BAJO,1_BAJO,0
21069902,550000.0,2_MEDIO,2_MEDIO,0
21069903,275000.0,1_BAJO,1_BAJO,0
21069904,270000.0,1_BAJO,1_BAJO,0
21076901,330000.0,1_BAJO,1_BAJO,0
21076902,575000.0,2_MEDIO,2_MEDIO,0
21077901,495000.0,2_MEDIO,2_MEDIO,0
21077902,105000.0,1_BAJO,1_BAJO,0
21077903,720000.0,2_MEDIO,2_MEDIO,0
21080005,350000.0,1_BAJO,1_BAJO,0
21080007,390000.0,2_MEDIO,2_MEDIO,0
21080008,275000.0,1_BAJO,1_BAJO,0
21080901,225000.0,1_BAJO,1_BAJO,0
21086002,270000.0,1_BAJO,1_BAJO,0
21086004,40000.0,1_BAJO,1_BAJO,0
21086006,330000.0,1_BAJO,1_BAJO,0
21086012,165000.0,1_BAJO,1_BAJO,0
21092003,205000.0,1_BAJO,1_BAJO,0
21092005,270000.0,1_BAJO,1_BAJO,0
21092014,350000.0,1_BAJO,1_BAJO,0
21092019,330000.0,1_BAJO,1_BAJO,0
21096007,275000.0,1_BAJO,1_BAJO,0
21096010,1025000.0,3_ALTO,3_ALTO,0
21096024,800000.0,2_MEDIO,2_MEDIO,1
21096027,835000.0,2_MEDIO,2_MEDIO,0
22005002,275000.0,1_BAJO,1_BAJO,0
22005003,450000.0,2_MEDIO,2_MEDIO,0
22005007,500000.0,2_MEDIO,2_MEDIO,0
22005008,225000.0,1_BAJO,1_BAJO,0
22012009,105000.0,1_BAJO,1_BAJO,0
22012011,105000.0,1_BAJO,1_BAJO,0
22012012,1250000.0,3_ALTO,3_ALTO,0
22012013,330000.0,1_BAJO,1_BAJO,0
22016006,330000.0,1_BAJO,1_BAJO,0
22016025,330000.0,1_BAJO,1_BAJO,0
22016056,625000.0,2_MEDIO,2_MEDIO,0
22016057,515000.0,2_MEDIO,2_MEDIO,0
22023005,975000.0,3_ALTO,3_ALTO,0
22023006,275000.0,1_BAJO,1_BAJO,0
22023008,575000.0,2_MEDIO,2_MEDIO,0
22023024,625000.0,2_MEDIO,2_MEDIO,0
22024004,625000.0,2_MEDIO,2_MEDIO,0
22024013,390000.0,2_MEDIO,2_MEDIO,0
22024015,1100000.0,3_ALTO,3_ALTO,0
22024023,315000.0,1_BAJO,1_BAJO,0
22027004,105000.0,1_BAJO,1_BAJO,0
22027005,500000.0,2_MEDIO,2_MEDIO,1
22027009,1125000.0,3_ALTO,3_ALTO,0
22027013,475000.0,2_MEDIO,2_MEDIO,0
22033001,1065000.0,3_ALTO,3_ALTO,0
22033002,165000.0,1_BAJO,1_BAJO,0
22033003,500000.0,2_MEDIO,2_MEDIO,0
22033011,725000.0,2_MEDIO,2_MEDIO,0
22035007,1175000.0,3_ALTO,3_ALTO,0
22035008,350000.0,1_BAJO,1_BAJO,0
22035031,1175000.0,3_ALTO,3_ALTO,0
22035032,350000.0,1_BAJO,1_BAJO,0
22040017,785000.0,2_MEDIO,2_MEDIO,0
22040018,2325000.0,3_ALTO,3_ALTO,0
22040021,950000.0,2_MEDIO,2_MEDIO,0
22040022,1050000.0,3_ALTO,3_ALTO,0
22048015,145000.0,1_BAJO,1_BAJO,0
22048018,275000.0,1_BAJO,1_BAJO,0
22048028,625000.0,2_MEDIO,2_MEDIO,0
22048039,380000.0,2_MEDIO,2_MEDIO,0
22049901,350000.0,1_BAJO,1_BAJO,0
22049902,750000.0,2_MEDIO,2_MEDIO,0
22049903,105000.0,1_BAJO,1_BAJO,0
22049904,105000.0,1_BAJO,1_BAJO,0
22051901,475000.0,2_MEDIO,2_MEDIO,0
22051902,275000.0,1_BAJO,1_BAJO,0
22051903,275000.0,1_BAJO,1_BAJO,0
22051904,700000.0,2_MEDIO,2_MEDIO,0
22052040,455000.0,2_MEDIO,2_MEDIO,0
22052055,275000.0,1_BAJO,1_BAJO,0
22052057,550000.0,2_MEDIO,2_MEDIO,0
22052058,380000.0,2_MEDIO,2_MEDIO,0
22053013,1250000.0,3_ALTO,3_ALTO,0
22053050,575000.0,2_MEDIO,2_MEDIO,0
22053105,665000.0,2_MEDIO,2_MEDIO,0
22053901,950000.0,2_MEDIO,2_MEDIO,0
22059012,475000.0,2_MEDIO,2_MEDIO,0
22059013,330000.0,1_BAJO,1_BAJO,0
22059014,1975000.0,3_ALTO,3_ALTO,0
22059016,555000.0,2_MEDIO,2_MEDIO,0
22065003,145000.0,1_BAJO,1_BAJO,0
22065004,105000.0,1_BAJO,1_BAJO,0
22065901,880000.0,2_MEDIO,2_MEDIO,0
22065902,205000.0,1_BAJO,1_BAJO,0
22069025,625000.0,2_MEDIO,2_MEDIO,0
22069902,605000.0,2_MEDIO,2_MEDIO,0
22069903,270000.0,1_BAJO,1_BAJO,0
22072901,225000.0,1_BAJO,1_BAJO,0
22072902,330000.0,1_BAJO,1_BAJO,0
22072903,500000.0,2_MEDIO,2_MEDIO,0
22072904,550000.0,2_MEDIO,2_MEDIO,0
22076011,40000.0,1_BAJO,1_BAJO,0
22076022,850000.0,2_MEDIO,2_MEDIO,0
22076024,225000.0,1_BAJO,1_BAJO,0
22076026,350000.0,1_BAJO,1_BAJO,0
22079005,665000.0,2_MEDIO,2_MEDIO,0
22079010,105000.0,1_BAJO,1_BAJO,0
22079015,665000.0,2_MEDIO,2_MEDIO,0
22079022,350000.0,1_BAJO,1_BAJO,0
22082004,165000.0,1_BAJO,1_BAJO,0
22082018,165000.0,1_BAJO,1_BAJO,0
22082021,275000.0,1_BAJO,1_BAJO,0
22082023,350000.0,1_BAJO,1_BAJO,0
22089002,210000.0,1_BAJO,1_BAJO,0
22089004,165000.0,1_BAJO,1_BAJO,0
22089006,165000.0,1_BAJO,1_BAJO,0
22089007,105000.0,1_BAJO,1_BAJO,0
22093002,165000.0,1_BAJO,1_BAJO,0
22093004,605000.0,2_MEDIO,2_MEDIO,0
22093005,165000.0,1_BAJO,1_BAJO,0
22093011,265000.0,1_BAJO,1_BAJO,0
22098004,575000.0,2_MEDIO,2_MEDIO,0
22098006,975000.0,3_ALTO,3_ALTO,0
22098013,165000.0,1_BAJO,1_BAJO,0
22098015,270000.0,1_BAJO,1_BAJO,0
22102004,475000.0,2_MEDIO,2_MEDIO,0
22102013,225000.0,1_BAJO,1_BAJO,0
22102015,165000.0,1_BAJO,1_BAJO,0
22102018,625000.0,2_MEDIO,2_MEDIO,0
22109002,475000.0,2_MEDIO,2_MEDIO,0
22109015,900000.0,2_MEDIO,2_MEDIO,0
22109017,975000.0,3_ALTO,3_ALTO,0
22113001,450000.0,2_MEDIO,2_MEDIO,0
22113003,210000.0,1_BAJO,1_BAJO,0
22113004,790000.0,2_MEDIO,2_MEDIO,0
22113031,775000.0,2_MEDIO,2_MEDIO,0
22116003,275000.0,1_BAJO,1_BAJO,0
22116006,440000.0,2_MEDIO,2_MEDIO,0
22116007,390000.0,2_MEDIO,2_MEDIO,0
22116040,225000.0,1_BAJO,1_BAJO,0
22118007,225000.0,1_BAJO,1_BAJO,0
22118009,270000.0,1_BAJO,1_BAJO,1
22118010,555000.0,2_MEDIO,2_MEDIO,0
22118014,350000.0,1_BAJO,1_BAJO,0
22120047,225000.0,1_BAJO,1_BAJO,0
22120048,900000.0,2_MEDIO,2_MEDIO,0
22120054,625000.0,2_MEDIO,2_MEDIO,0
22124010,515000.0,2_MEDIO,2_MEDIO,0
22124015,440000.0,2_MEDIO,2_MEDIO,0
22124018,555000.0,2_MEDIO,2_MEDIO,0
22124023,275000.0,1_BAJO,1_BAJO,0
22129006,1100000.0,3_ALTO,3_ALTO,0
22129023,520000.0,2_MEDIO,2_MEDIO,1
22129025,550000.0,2_MEDIO,2_MEDIO,0
22129028,550000.0,2_MEDIO,2_MEDIO,0
22131018,455000.0,2_MEDIO,2_MEDIO,0
22131019,225000.0,1_BAJO,1_BAJO,0
22131021,270000.0,1_BAJO,1_BAJO,0
22131035,225000.0,1_BAJO,1_BAJO,0
22134012,205000.0,1_BAJO,1_BAJO,0
22134027,480000.0,2_MEDIO,2_MEDIO,1
22134033,350000.0,1_BAJO,1_BAJO,0
22134046,105000.0,1_BAJO,1_BAJO,0
22136003,640000.0,2_MEDIO,2_MEDIO,0
22136012,475000.0,2_MEDIO,2_MEDIO,0
22136013,1705000.0,3_ALTO,3_ALTO,0
22136016,655000.0,2_MEDIO,2_MEDIO,0
22138001,275000.0,1_BAJO,1_BAJO,0
22138015,275000.0,1_BAJO,1_BAJO,0
22138016,390000.0,2_MEDIO,2_MEDIO,0
22138019,495000.0,2_MEDIO,2_MEDIO,0
22141006,315000.0,1_BAJO,1_BAJO,0
22141010,210000.0,1_BAJO,1_BAJO,0
22141013,550000.0,2_MEDIO,2_MEDIO,0
22141037,225000.0,1_BAJO,1_BAJO,0
23004901,515000.0,2_MEDIO,2_MEDIO,0
23004902,350000.0,1_BAJO,1_BAJO,0
23004903,165000.0,1_BAJO,1_BAJO,0
23004904,165000.0,1_BAJO,1_BAJO,0
23009901,225000.0,1_BAJO,1_BAJO,0
23009902,905000.0,2_MEDIO,2_MEDIO,0
23009903,700000.0,2_MEDIO,2_MEDIO,0
23009904,330000.0,1_BAJO,1_BAJO,0
24006001,625000.0,2_MEDIO,2_MEDIO,0
24006003,495000.0,2_MEDIO,2_MEDIO,0
24006005,500000.0,2_MEDIO,2_MEDIO,0
24006006,105000.0,1_BAJO,1_BAJO,0
24006014,265000.0,1_BAJO,1_BAJO,0
24010013,1250000.0,3_ALTO,3_ALTO,0
24010033,475000.0,2_MEDIO,2_MEDIO,0
24015003,730000.0,2_MEDIO,2_MEDIO,0
24015011,330000.0,1_BAJO,1_BAJO,0
24015016,475000.0,2_MEDIO,2_MEDIO,0
24015017,950000.0,2_MEDIO,2_MEDIO,0
24015019,350000.0,1_BAJO,1_BAJO,0
24021013,350000.0,1_BAJO,1_BAJO,0
24021023,275000.0,1_BAJO,1_BAJO,0
24021025,625000.0,2_MEDIO,2_MEDIO,0
24027001,270000.0,1_BAJO,1_BAJO,0
24027002,440000.0,2_MEDIO,2_MEDIO,0
24027004,965000.0,3_ALTO,3_ALTO,0
24027005,1325000.0,3_ALTO,3_ALTO,0
24032025,165000.0,1_BAJO,1_BAJO,0
24037001,330000.0,1_BAJO,1_BAJO,0
24037004,1100000.0,3_ALTO,3_ALTO,0
24037009,165000.0,1_BAJO,1_BAJO,0
24043004,165000.0,1_BAJO,1_BAJO,0
24043005,275000.0,1_BAJO,1_BAJO,0
24043006,225000.0,1_BAJO,1_BAJO,0
24043012,655000.0,2_MEDIO,2_MEDIO,0
24043014,165000.0,1_BAJO,1_BAJO,0
24043016,825000.0,2_MEDIO,2_MEDIO,0
24043018,165000.0,1_BAJO,1_BAJO,0
24048003,430000.0,2_MEDIO,2_MEDIO,0
24048004,1425000.0,3_ALTO,3_ALTO,0
24048006,625000.0,2_MEDIO,2_MEDIO,0
24048010,330000.0,1_BAJO,1_BAJO,0
24048015,275000.0,1_BAJO,1_BAJO,0
24053002,625000.0,2_MEDIO,2_MEDIO,0
24053003,350000.0,1_BAJO,1_BAJO,0
24053004,495000.0,2_MEDIO,2_MEDIO,0
24053005,145000.0,1_BAJO,1_BAJO,0
24053008,275000.0,1_BAJO,1_BAJO,0
24058001,390000.0,2_MEDIO,2_MEDIO,0
24058002,315000.0,1_BAJO,1_BAJO,0
24058009,590000.0,2_MEDIO,2_MEDIO,0
24058012,575000.0,2_MEDIO,2_MEDIO,0
24063015,1150000.0,3_ALTO,3_ALTO,0
24063017,800000.0,2_MEDIO,2_MEDIO,0
24063019,780000.0,2_MEDIO,2_MEDIO,0
24069005,925000.0,2_MEDIO,2_MEDIO,0
24069007,475000.0,2_MEDIO,2_MEDIO,0
24069009,1290000.0,3_ALTO,3_ALTO,0
24069011,700000.0,2_MEDIO,2_MEDIO,0
24071013,1025000.0,3_ALTO,3_ALTO,0
24071018,165000.0,1_BAJO,1_BAJO,0
24071019,800000.0,2_MEDIO,2_MEDIO,0
24071020,1100000.0,3_ALTO,3_ALTO,0
24076006,660000.0,2_MEDIO,2_MEDIO,0
24076014,455000.0,2_MEDIO,2_MEDIO,0
24076018,725000.0,2_MEDIO,2_MEDIO,0
24076020,275000.0,1_BAJO,1_BAJO,0
24080003,440000.0,2_MEDIO,2_MEDIO,0
24080004,925000.0,2_MEDIO,2_MEDIO,0
24080013,225000.0,1_BAJO,1_BAJO,0
24080021,620000.0,2_MEDIO,2_MEDIO,0
24080027,225000.0,1_BAJO,1_BAJO,0
24085008,475000.0,2_MEDIO,2_MEDIO,0
24085011,725000.0,2_MEDIO,2_MEDIO,0
24085014,1725000.0,3_ALTO,3_ALTO,0
24085018,350000.0,1_BAJO,1_BAJO,0
24092901,625000.0,2_MEDIO,2_MEDIO,0
24092902,350000.0,1_BAJO,1_BAJO,0
24092903,625000.0,2_MEDIO,2_MEDIO,0
24095003,475000.0,2_MEDIO,2_MEDIO,0
24095004,625000.0,2_MEDIO,2_MEDIO,0
24095006,1400000.0,3_ALTO,3_ALTO,0
24095007,515000.0,2_MEDIO,2_MEDIO,0
24096002,625000.0,2_MEDIO,2_MEDIO,0
24096004,625000.0,2_MEDIO,2_MEDIO,0
24096007,575000.0,2_MEDIO,2_MEDIO,0
24096008,515000.0,2_MEDIO,2_MEDIO,0
24098005,730000.0,2_MEDIO,2_MEDIO,0
24098006,625000.0,2_MEDIO,2_MEDIO,0
24098009,800000.0,2_MEDIO,2_MEDIO,0
24098010,1325000.0,3_ALTO,3_ALTO,0
24108014,640000.0,2_MEDIO,2_MEDIO,0
24108016,590000.0,2_MEDIO,2_MEDIO,0
24108901,1175000.0,3_ALTO,3_ALTO,0
24108902,700000.0,2_MEDIO,2_MEDIO,0
24114008,225000.0,1_BAJO,1_BAJO,0
24114009,275000.0,1_BAJO,1_BAJO,0
24114011,475000.0,2_MEDIO,2_MEDIO,0
24114013,350000.0,1_BAJO,1_BAJO,0
24116022,350000.0,1_BAJO,1_BAJO,0
24116026,350000.0,1_BAJO,1_BAJO,0
24116029,700000.0,2_MEDIO,2_MEDIO,0
24116037,790000.0,2_MEDIO,2_MEDIO,0
24117001,275000.0,1_BAJO,1_BAJO,0
24117003,1350000.0,3_ALTO,3_ALTO,0
24117011,390000.0,2_MEDIO,2_MEDIO,0
24117018,825000.0,2_MEDIO,2_MEDIO,0
25001004,225000.0,1_BAJO,1_BAJO,0
25001007,520000.0,2_MEDIO,2_MEDIO,1
25001008,625000.0,2_MEDIO,2_MEDIO,0
25001010,865000.0,2_MEDIO,2_MEDIO,0
25004004,165000.0,1_BAJO,1_BAJO,0
25004015,1455000.0,3_ALTO,3_ALTO,0
25004021,1140000.0,3_ALTO,3_ALTO,0
25004032,245000.0,1_BAJO,1_BAJO,0
25007001,1575000.0,3_ALTO,3_ALTO,0
25007007,330000.0,1_BAJO,1_BAJO,0
25007008,165000.0,1_BAJO,1_BAJO,0
25014001,105000.0,1_BAJO,1_BAJO,0
25014007,310000.0,1_BAJO,1_BAJO,0
25014010,475000.0,2_MEDIO,2_MEDIO,0
25014016,270000.0,1_BAJO,1_BAJO,0
25018001,745000.0,2_MEDIO,2_MEDIO,0
25018004,535000.0,2_MEDIO,2_MEDIO,0
25018006,40000.0,1_BAJO,1_BAJO,0
25018013,390000.0,2_MEDIO,2_MEDIO,0
25025006,40000.0,1_BAJO,1_BAJO,0
25025012,515000.0,2_MEDIO,2_MEDIO,0
25025013,105000.0,1_BAJO,1_BAJO,0
25025016,40000.0,1_BAJO,1_BAJO,0
25031002,225000.0,1_BAJO,1_BAJO,0
25031006,370000.0,2_MEDIO,2_MEDIO,0
25031010,390000.0,2_MEDIO,2_MEDIO,0
25031017,225000.0,1_BAJO,1_BAJO,0
25035001,210000.0,1_BAJO,1_BAJO,0
25035016,475000.0,2_MEDIO,2_MEDIO,0
25035022,330000.0,1_BAJO,1_BAJO,0
25035025,800000.0,2_MEDIO,2_MEDIO,0
25038016,180000.0,1_BAJO,1_BAJO,1
25038018,550000.0,2_MEDIO,2_MEDIO,0
25038022,1130000.0,3_ALTO,3_ALTO,0
25038024,640000.0,2_MEDIO,2_MEDIO,1
25042005,545000.0,2_MEDIO,2_MEDIO,0
25042009,495000.0,2_MEDIO,2_MEDIO,0
25042011,475000.0,2_MEDIO,2_MEDIO,0
25042015,625000.0,2_MEDIO,2_MEDIO,0
25048003,275000.0,1_BAJO,1_BAJO,0
25048004,605000.0,2_MEDIO,2_MEDIO,0
25048901,315000.0,1_BAJO,1_BAJO,0
25048902,150000.0,1_BAJO,1_BAJO,1
26011008,205000.0,1_BAJO,1_BAJO,0
26011009,575000.0,2_MEDIO,2_MEDIO,0
26011010,555000.0,2_MEDIO,2_MEDIO,0
26011011,165000.0,1_BAJO,1_BAJO,0
26011012,165000.0,1_BAJO,1_BAJO,0
26024005,1275000.0,3_ALTO,3_ALTO,0
26024006,105000.0,1_BAJO,1_BAJO,0
26024012,700000.0,2_MEDIO,2_MEDIO,0
26025013,145000.0,1_BAJO,1_BAJO,0
26025015,315000.0,1_BAJO,1_BAJO,0
26025018,420000.0,2_MEDIO,2_MEDIO,0
26025023,455000.0,2_MEDIO,2_MEDIO,0
26032003,105000.0,1_BAJO,1_BAJO,0
26032007,270000.0,1_BAJO,1_BAJO,0
26032015,315000.0,1_BAJO,1_BAJO,0
26032016,80000.0,1_BAJO,1_BAJO,0
26041013,80000.0,1_BAJO,1_BAJO,0
26041015,315000.0,1_BAJO,1_BAJO,0
26041017,575000.0,2_MEDIO,2_MEDIO,0
26041019,900000.0,2_MEDIO,2_MEDIO,0
26052001,350000.0,1_BAJO,1_BAJO,0
26052003,210000.0,1_BAJO,1_BAJO,0
26052005,1385000.0,3_ALTO,3_ALTO,0
26052006,185000.0,1_BAJO,1_BAJO,0
26057004,440000.0,2_MEDIO,2_MEDIO,0
26057005,1675000.0,3_ALTO,3_ALTO,0
26057008,800000.0,2_MEDIO,2_MEDIO,0
26057901,640000.0,2_MEDIO,2_MEDIO,0
27002003,330000.0,1_BAJO,1_BAJO,0
27002005,495000.0,2_MEDIO,2_MEDIO,0
27002011,265000.0,1_BAJO,1_BAJO,0
27002013,550000.0,2_MEDIO,2_MEDIO,0
27004030,270000.0,1_BAJO,1_BAJO,0
27004038,380000.0,2_MEDIO,2_MEDIO,0
27004046,255000.0,1_BAJO,1_BAJO,0
27010005,450000.0,2_MEDIO,2_MEDIO,0
27010012,380000.0,2_MEDIO,2_MEDIO,0
27010015,625000.0,2_MEDIO,2_MEDIO,0
27010037,210000.0,1_BAJO,1_BAJO,0
27013017,950000.0,2_MEDIO,2_MEDIO,0
27013023,900000.0,2_MEDIO,2_MEDIO,0
27013024,165000.0,1_BAJO,1_BAJO,0
27013901,2140001.0,3_ALTO,3_ALTO,0
27015008,165000.0,1_BAJO,1_BAJO,0
27015011,210000.0,1_BAJO,1_BAJO,0
27015017,435000.0,2_MEDIO,2_MEDIO,0
27015021,165000.0,1_BAJO,1_BAJO,0
28007001,700000.0,2_MEDIO,2_MEDIO,0
28007003,390000.0,2_MEDIO,2_MEDIO,0
28007004,455000.0,2_MEDIO,2_MEDIO,0
28008002,105000.0,1_BAJO,1_BAJO,0
28008006,105000.0,1_BAJO,1_BAJO,0
28008020,105000.0,1_BAJO,1_BAJO,0
28008025,225000.0,1_BAJO,1_BAJO,0
28017901,700000.0,2_MEDIO,2_MEDIO,0
28017902,165000.0,1_BAJO,1_BAJO,0
28017903,350000.0,1_BAJO,1_BAJO,0
28017904,350000.0,1_BAJO,1_BAJO,0
28021002,275000.0,1_BAJO,1_BAJO,0
28021007,165000.0,1_BAJO,1_BAJO,0
28021022,350000.0,1_BAJO,1_BAJO,0
28021024,165000.0,1_BAJO,1_BAJO,0
28024007,1275000.0,3_ALTO,3_ALTO,0
28024018,40000.0,1_BAJO,1_BAJO,0
28024019,440000.0,2_MEDIO,2_MEDIO,0
28024025,330000.0,1_BAJO,1_BAJO,0
28028003,660000.0,2_MEDIO,2_MEDIO,0
28028016,165000.0,1_BAJO,1_BAJO,0
28028018,165000.0,1_BAJO,1_BAJO,0
28028022,330000.0,1_BAJO,1_BAJO,0
28032001,390000.0,2_MEDIO,2_MEDIO,0
28032002,275000.0,1_BAJO,1_BAJO,0
28032004,390000.0,2_MEDIO,2_MEDIO,0
28032008,475000.0,2_MEDIO,2_MEDIO,0
28032025,1130000.0,3_ALTO,3_ALTO,0
28037008,165000.0,1_BAJO,1_BAJO,0
28037018,700000.0,2_MEDIO,2_MEDIO,0
28037019,625000.0,2_MEDIO,2_MEDIO,0
28037902,1065000.0,3_ALTO,3_ALTO,0
28041003,380000.0,2_MEDIO,2_MEDIO,0
28041004,725000.0,2_MEDIO,2_MEDIO,0
28041007,1040000.0,3_ALTO,3_ALTO,0
28041026,380000.0,2_MEDIO,2_MEDIO,0
28046002,270000.0,1_BAJO,1_BAJO,0
28046008,225000.0,1_BAJO,1_BAJO,0
28046013,330000.0,1_BAJO,1_BAJO,0
28046016,380000.0,2_MEDIO,2_MEDIO,0
28052002,825000.0,2_MEDIO,2_MEDIO,0
28052004,625000.0,2_MEDIO,2_MEDIO,0
28052005,730000.0,2_MEDIO,2_MEDIO,0
28052007,440000.0,2_MEDIO,2_MEDIO,0
28057002,640000.0,2_MEDIO,2_MEDIO,1
28057007,330000.0,1_BAJO,1_BAJO,0
28057008,275000.0,1_BAJO,1_BAJO,0
28057015,515000.0,2_MEDIO,2_MEDIO,0
28061007,625000.0,2_MEDIO,2_MEDIO,0
28061008,625000.0,2_MEDIO,2_MEDIO,0
28061011,550000.0,2_MEDIO,2_MEDIO,0
28061013,775000.0,2_MEDIO,2_MEDIO,0
29006901,225000.0,1_BAJO,1_BAJO,0
29006902,338030.0,1_BAJO,1_BAJO,0
29006903,177520.0,1_BAJO,1_BAJO,0
29006904,450000.0,2_MEDIO,2_MEDIO,0
29011901,455000.0,2_MEDIO,2_MEDIO,0
29011902,550000.0,2_MEDIO,2_MEDIO,0
29011903,440000.0,2_MEDIO,2_MEDIO,0
29011906,500000.0,2_MEDIO,2_MEDIO,0
29014902,210000.0,1_BAJO,1_BAJO,0
29014903,165000.0,1_BAJO,1_BAJO,0
29014904,500000.0,2_MEDIO,2_MEDIO,0
29014905,330000.0,1_BAJO,1_BAJO,0
29018007,330000.0,1_BAJO,1_BAJO,0
29018009,500000.0,2_MEDIO,2_MEDIO,0
29018035,680000.0,2_MEDIO,2_MEDIO,0
29018901,330000.0,1_BAJO,1_BAJO,0
29022005,390000.0,2_MEDIO,2_MEDIO,0
29022009,105000.0,1_BAJO,1_BAJO,0
29022017,225000.0,1_BAJO,1_BAJO,0
29022901,370000.0,2_MEDIO,2_MEDIO,0
29028002,485000.0,2_MEDIO,2_MEDIO,0
29028006,270000.0,1_BAJO,1_BAJO,1
29028011,640000.0,2_MEDIO,2_MEDIO,0
29028013,475000.0,2_MEDIO,2_MEDIO,0
29034902,275000.0,1_BAJO,1_BAJO,0
29034903,790000.0,2_MEDIO,2_MEDIO,0
29034904,975000.0,3_ALTO,3_ALTO,0
29034905,790000.0,2_MEDIO,2_MEDIO,0
29040008,455000.0,2_MEDIO,2_MEDIO,0
29040010,225000.0,1_BAJO,1_BAJO,0
29040013,390000.0,2_MEDIO,2_MEDIO,0
29040018,515000.0,2_MEDIO,2_MEDIO,0
29045004,845000.0,2_MEDIO,2_MEDIO,0
29045007,225000.0,1_BAJO,1_BAJO,0
29045008,550000.0,2_MEDIO,2_MEDIO,0
29045017,620000.0,2_MEDIO,2_MEDIO,0
29050005,475000.0,2_MEDIO,2_MEDIO,0
29050010,165000.0,1_BAJO,1_BAJO,0
29050011,165000.0,1_BAJO,1_BAJO,0
29050016,165000.0,1_BAJO,1_BAJO,0
29056001,165000.0,1_BAJO,1_BAJO,0
29056013,275000.0,1_BAJO,1_BAJO,0
29056016,435000.0,2_MEDIO,2_MEDIO,0
29056017,330000.0,1_BAJO,1_BAJO,0
29061902,105000.0,1_BAJO,1_BAJO,0
29061903,925000.0,2_MEDIO,2_MEDIO,0
29061904,350000.0,1_BAJO,1_BAJO,0
29061906,575000.0,2_MEDIO,2_MEDIO,0
29063901,165000.0,1_BAJO,1_BAJO,0
29063902,380000.0,2_MEDIO,2_MEDIO,0
29063903,165000.0,1_BAJO,1_BAJO,0
29063904,380000.0,2_MEDIO,2_MEDIO,0
29065011,605000.0,2_MEDIO,2_MEDIO,0
29065014,500000.0,2_MEDIO,2_MEDIO,0
29065015,700000.0,2_MEDIO,2_MEDIO,0
29065016,390000.0,2_MEDIO,2_MEDIO,0
29066012,165000.0,1_BAJO,1_BAJO,0
29066023,330000.0,1_BAJO,1_BAJO,0
29066027,700000.0,2_MEDIO,2_MEDIO,0
29066028,1575000.0,3_ALTO,3_ALTO,0
29068007,165000.0,1_BAJO,1_BAJO,0
29068009,550000.0,2_MEDIO,2_MEDIO,0
29068014,105000.0,1_BAJO,1_BAJO,0
29068017,555000.0,2_MEDIO,2_MEDIO,0
29074002,440000.0,2_MEDIO,2_MEDIO,0
29074005,515000.0,2_MEDIO,2_MEDIO,0
29074007,380000.0,2_MEDIO,2_MEDIO,0
29074014,1050000.0,3_ALTO,3_ALTO,0
30001013,1275000.0,3_ALTO,3_ALTO,0
30001017,275000.0,1_BAJO,1_BAJO,0
30001018,440000.0,2_MEDIO,2_MEDIO,0
30001019,105000.0,1_BAJO,1_BAJO,0
30004006,390000.0,2_MEDIO,2_MEDIO,0
30004014,975000.0,3_ALTO,3_ALTO,0
30004015,540000.0,2_MEDIO,2_MEDIO,0
30004901,700000.0,2_MEDIO,2_MEDIO,0
30007031,825000.0,2_MEDIO,2_MEDIO,0
30007033,440000.0,2_MEDIO,2_MEDIO,0
30007034,700000.0,2_MEDIO,2_MEDIO,0
30007080,575000.0,2_MEDIO,2_MEDIO,0
31006001,480000.0,2_MEDIO,2_MEDIO,1
31006003,1015000.0,3_ALTO,3_ALTO,0
31006008,270000.0,1_BAJO,1_BAJO,1
31006010,1250000.0,3_ALTO,3_ALTO,0
31011007,500000.0,2_MEDIO,2_MEDIO,0
31011008,390000.0,2_MEDIO,2_MEDIO,0
31011017,625000.0,2_MEDIO,2_MEDIO,0
31011019,625000.0,2_MEDIO,2_MEDIO,0
31017003,625000.0,2_MEDIO,2_MEDIO,0
31017007,225000.0,1_BAJO,1_BAJO,0
31017011,275000.0,1_BAJO,1_BAJO,0
31017012,165000.0,1_BAJO,1_BAJO,0
31024009,300000.0,1_BAJO,1_BAJO,1
31024010,790000.0,2_MEDIO,2_MEDIO,0
31024022,495000.0,2_MEDIO,2_MEDIO,0
31024023,165000.0,1_BAJO,1_BAJO,0
31027003,450000.0,2_MEDIO,2_MEDIO,0
31027008,275000.0,1_BAJO,1_BAJO,0
31027010,555000.0,2_MEDIO,2_MEDIO,0
31027017,750000.0,2_MEDIO,2_MEDIO,0
31036003,625000.0,2_MEDIO,2_MEDIO,0
31036004,165000.0,1_BAJO,1_BAJO,0
31036011,350000.0,1_BAJO,1_BAJO,0
31036013,545000.0,2_MEDIO,2_MEDIO,0
31041003,265000.0,1_BAJO,1_BAJO,0
31041004,715000.0,2_MEDIO,2_MEDIO,0
31041007,500000.0,2_MEDIO,2_MEDIO,0
31041008,350000.0,1_BAJO,1_BAJO,0
31046001,330000.0,1_BAJO,1_BAJO,0
31046002,450000.0,2_MEDIO,2_MEDIO,0
31046005,450000.0,2_MEDIO,2_MEDIO,0
31046006,665000.0,2_MEDIO,2_MEDIO,0
31054002,575000.0,2_MEDIO,2_MEDIO,0
31054004,915000.0,2_MEDIO,2_MEDIO,0
31054005,105000.0,1_BAJO,1_BAJO,0
31054010,580000.0,2_MEDIO,2_MEDIO,0
31059004,330000.0,1_BAJO,1_BAJO,0
31059007,455000.0,2_MEDIO,2_MEDIO,0
31059008,435000.0,2_MEDIO,2_MEDIO,0
31059009,820000.0,2_MEDIO,2_MEDIO,0
31059012,165000.0,1_BAJO,1_BAJO,0
31060902,440000.0,2_MEDIO,2_MEDIO,0
31060903,275000.0,1_BAJO,1_BAJO,0
31060904,350000.0,1_BAJO,1_BAJO,0
31060905,495000.0,2_MEDIO,2_MEDIO,0
31062005,330000.0,1_BAJO,1_BAJO,0
31062013,475000.0,2_MEDIO,2_MEDIO,0
31062014,515000.0,2_MEDIO,2_MEDIO,0
31062035,905000.0,2_MEDIO,2_MEDIO,0
31067002,205000.0,1_BAJO,1_BAJO,0
31067010,350000.0,1_BAJO,1_BAJO,0
31067014,500000.0,2_MEDIO,2_MEDIO,0
31067016,390000.0,2_MEDIO,2_MEDIO,0
31073001,225000.0,1_BAJO,1_BAJO,0
31073002,105000.0,1_BAJO,1_BAJO,0
31073003,225000.0,1_BAJO,1_BAJO,0
31073005,600000.0,2_MEDIO,2_MEDIO,0
32001001,1050000.0,3_ALTO,3_ALTO,0
32001007,500000.0,2_MEDIO,2_MEDIO,0
32001901,370000.0,2_MEDIO,2_MEDIO,0
32001903,805000.0,2_MEDIO,2_MEDIO,0
32022002,275000.0,1_BAJO,1_BAJO,0
32022004,225000.0,1_BAJO,1_BAJO,0
32022006,440000.0,2_MEDIO,2_MEDIO,0
32022014,330000.0,1_BAJO,1_BAJO,0
32024013,165000.0,1_BAJO,1_BAJO,0
32024017,145000.0,1_BAJO,1_BAJO,0
32024019,390000.0,2_MEDIO,2_MEDIO,0
32024020,390000.0,2_MEDIO,2_MEDIO,0
32030902,380000.0,2_MEDIO,2_MEDIO,0
32030903,390000.0,2_MEDIO,2_MEDIO,0
32030904,390000.0,2_MEDIO,2_MEDIO,0
32030905,225000.0,1_BAJO,1_BAJO,0
33001902,950000.0,2_MEDIO,2_MEDIO,0
33001903,825000.0,2_MEDIO,2_MEDIO,0
33001904,475000.0,2_MEDIO,2_MEDIO,0
33001905,1050000.0,3_ALTO,3_ALTO,0
33005001,440000.0,2_MEDIO,2_MEDIO,0
33005003,1100000.0,3_ALTO,3_ALTO,0
33005004,975000.0,3_ALTO,3_ALTO,0
33005007,950000.0,2_MEDIO,2_MEDIO,0
33009001,350000.0,1_BAJO,1_BAJO,0
33009003,700000.0,2_MEDIO,2_MEDIO,0
33009004,700000.0,2_MEDIO,2_MEDIO,0
33009009,475000.0,2_MEDIO,2_MEDIO,0
33015007,165000.0,1_BAJO,1_BAJO,0
33015024,500000.0,2_MEDIO,2_MEDIO,0
33015026,350000.0,1_BAJO,1_BAJO,0
33015027,590000.0,2_MEDIO,2_MEDIO,0
33018017,1050000.0,3_ALTO,3_ALTO,0
33018022,575000.0,2_MEDIO,2_MEDIO,0
33018029,350000.0,1_BAJO,1_BAJO,0
33018031,275000.0,1_BAJO,1_BAJO,0
33020003,600000.0,2_MEDIO,2_MEDIO,1
33020013,775000.0,2_MEDIO,2_MEDIO,0
33020901,390000.0,2_MEDIO,2_MEDIO,0
33020902,165000.0,1_BAJO,1_BAJO,0
33030002,165000.0,1_BAJO,1_BAJO,0
33030005,105000.0,1_BAJO,1_BAJO,0
33030006,275000.0,1_BAJO,1_BAJO,0
33030009,265000.0,1_BAJO,1_BAJO,0
34002020,270000.0,1_BAJO,1_BAJO,0
34002901,225000.0,1_BAJO,1_BAJO,0
34002902,165000.0,1_BAJO,1_BAJO,0
34002903,165000.0,1_BAJO,1_BAJO,0
34003018,330000.0,1_BAJO,1_BAJO,0
34003020,165000.0,1_BAJO,1_BAJO,0
34003025,165000.0,1_BAJO,1_BAJO,0
34003026,105000.0,1_BAJO,1_BAJO,0
34008040,435000.0,2_MEDIO,2_MEDIO,0
34008901,105000.0,1_BAJO,1_BAJO,0
34008902,275000.0,1_BAJO,1_BAJO,0
34008903,350000.0,1_BAJO,1_BAJO,0
34011005,825000.0,2_MEDIO,2_MEDIO,0
34011007,770000.0,2_MEDIO,2_MEDIO,0
34011008,475000.0,2_MEDIO,2_MEDIO,0
34011011,475000.0,2_MEDIO,2_MEDIO,0
34014006,855000.0,2_MEDIO,2_MEDIO,0
34014014,580000.0,2_MEDIO,2_MEDIO,0
34014023,225000.0,1_BAJO,1_BAJO,0
34014028,560000.0,2_MEDIO,2_MEDIO,0
34018029,390000.0,2_MEDIO,2_MEDIO,0
34018033,500000.0,2_MEDIO,2_MEDIO,0
34018035,225000.0,1_BAJO,1_BAJO,0
34018037,105000.0,1_BAJO,1_BAJO,0
34021913,300000.0,1_BAJO,1_BAJO,1
34021914,390000.0,2_MEDIO,2_MEDIO,0
34021915,495000.0,2_MEDIO,2_MEDIO,0
34021916,390000.0,2_MEDIO,2_MEDIO,0
34029023,625000.0,2_MEDIO,2_MEDIO,0
34029038,1050000.0,3_ALTO,3_ALTO,0
34029046,1350000.0,3_ALTO,3_ALTO,0
34029049,1275000.0,3_ALTO,3_ALTO,0
34030010,1500001.0,3_ALTO,3_ALTO,0
34030022,800000.0,2_MEDIO,2_MEDIO,0
34030024,2550001.0,3_ALTO,3_ALTO,0
34030030,950000.0,2_MEDIO,2_MEDIO,0
35002018,245000.0,1_BAJO,1_BAJO,0
35002021,790000.0,2_MEDIO,2_MEDIO,0
35002022,315000.0,1_BAJO,1_BAJO,0
35002027,890000.0,2_MEDIO,2_MEDIO,0
35011901,390000.0,2_MEDIO,2_MEDIO,0
35011911,210000.0,1_BAJO,1_BAJO,0
35011919,275000.0,1_BAJO,1_BAJO,0
35011921,390000.0,2_MEDIO,2_MEDIO,0
35017028,265000.0,1_BAJO,1_BAJO,0
35017926,450000.0,2_MEDIO,2_MEDIO,0
35017927,350000.0,1_BAJO,1_BAJO,0
35017928,390000.0,2_MEDIO,2_MEDIO,0
35019922,225000.0,1_BAJO,1_BAJO,0
35019923,225000.0,1_BAJO,1_BAJO,0
35019924,540000.0,2_MEDIO,2_MEDIO,0
35019925,270000.0,1_BAJO,1_BAJO,0
35023002,1080000.0,3_ALTO,3_ALTO,0
35023004,665000.0,2_MEDIO,2_MEDIO,0
35023005,1180000.0,3_ALTO,3_ALTO,0
35023011,575000.0,2_MEDIO,2_MEDIO,0
35027902,625000.0,2_MEDIO,2_MEDIO,0
35027903,495000.0,2_MEDIO,2_MEDIO,0
35027904,625000.0,2_MEDIO,2_MEDIO,0
35027905,390000.0,2_MEDIO,2_MEDIO,0
35030015,330000.0,1_BAJO,1_BAJO,0
35030024,105000.0,1_BAJO,1_BAJO,0
35030026,535000.0,2_MEDIO,2_MEDIO,0
35030027,575000.0,2_MEDIO,2_MEDIO,0
35035001,1250000.0,3_ALTO,3_ALTO,0
35035901,680000.0,2_MEDIO,2_MEDIO,1
35039901,880000.0,2_MEDIO,2_MEDIO,0
35039902,315000.0,1_BAJO,1_BAJO,0
35039903,500000.0,2_MEDIO,2_MEDIO,0
35039904,105000.0,1_BAJO,1_BAJO,0
35047003,515000.0,2_MEDIO,2_MEDIO,0
35047006,225000.0,1_BAJO,1_BAJO,0
35047901,720000.0,2_MEDIO,2_MEDIO,0
35047902,375000.0,2_MEDIO,2_MEDIO,0
35053004,270000.0,1_BAJO,1_BAJO,0
35053011,455000.0,2_MEDIO,2_MEDIO,0
35053026,330000.0,1_BAJO,1_BAJO,0
35053027,640000.0,2_MEDIO,2_MEDIO,0
35058010,475000.0,2_MEDIO,2_MEDIO,0
35058014,580000.0,2_MEDIO,2_MEDIO,0
35058018,475000.0,2_MEDIO,2_MEDIO,0
35058019,775000.0,2_MEDIO,2_MEDIO,0
35064006,625000.0,2_MEDIO,2_MEDIO,0
35064011,950000.0,2_MEDIO,2_MEDIO,0
35064014,1100000.0,3_ALTO,3_ALTO,0
35064016,225000.0,1_BAJO,1_BAJO,0
35068019,225000.0,1_BAJO,1_BAJO,0
35068021,165000.0,1_BAJO,1_BAJO,0
35068022,625000.0,2_MEDIO,2_MEDIO,0
35068032,350000.0,1_BAJO,1_BAJO,0
35070001,205000.0,1_BAJO,1_BAJO,0
35070003,1425000.0,3_ALTO,3_ALTO,0
35070012,515000.0,2_MEDIO,2_MEDIO,0
35070015,1050000.0,3_ALTO,3_ALTO,0
35070901,975000.0,3_ALTO,3_ALTO,0
35077004,720000.0,2_MEDIO,2_MEDIO,0
35077005,700000.0,2_MEDIO,2_MEDIO,0
35077006,515000.0,2_MEDIO,2_MEDIO,0
35077007,1690000.0,3_ALTO,3_ALTO,0
35092901,40000.0,1_BAJO,1_BAJO,0
35092902,165000.0,1_BAJO,1_BAJO,0
35092903,500000.0,2_MEDIO,2_MEDIO,0
35092904,275000.0,1_BAJO,1_BAJO,0
35093901,380000.0,2_MEDIO,2_MEDIO,0
35093902,350000.0,1_BAJO,1_BAJO,0
35093903,455000.0,2_MEDIO,2_MEDIO,0
35093904,450000.0,2_MEDIO,2_MEDIO,0
35101902,210000.0,1_BAJO,1_BAJO,0
35101903,700000.0,2_MEDIO,2_MEDIO,0
35101904,330000.0,1_BAJO,1_BAJO,0
35101905,620000.0,2_MEDIO,2_MEDIO,0
35102007,450000.0,2_MEDIO,2_MEDIO,0
35102008,1425000.0,3_ALTO,3_ALTO,0
35102012,905000.0,2_MEDIO,2_MEDIO,0
35102013,700000.0,2_MEDIO,2_MEDIO,0
35105003,540000.0,2_MEDIO,2_MEDIO,0
35105005,800000.0,2_MEDIO,2_MEDIO,0
35105007,785000.0,2_MEDIO,2_MEDIO,0
35105008,900000.0,2_MEDIO,2_MEDIO,0
35105013,975000.0,3_ALTO,3_ALTO,0
35105020,580000.0,2_MEDIO,2_MEDIO,0
36004007,145000.0,1_BAJO,1_BAJO,0
36004008,390000.0,2_MEDIO,2_MEDIO,0
36004009,270000.0,1_BAJO,1_BAJO,0
36004012,390000.0,2_MEDIO,2_MEDIO,0
37012003,760000.0,2_MEDIO,2_MEDIO,1
37012005,475000.0,2_MEDIO,2_MEDIO,0
37012007,790000.0,2_MEDIO,2_MEDIO,0
37012008,1250000.0,3_ALTO,3_ALTO,0
37015009,800000.0,2_MEDIO,2_MEDIO,0
37015012,475000.0,2_MEDIO,2_MEDIO,0
37015016,3000002.0,3_ALTO,3_ALTO,0
37015901,625000.0,2_MEDIO,2_MEDIO,0
37016005,1350000.0,3_ALTO,3_ALTO,0
37016007,700000.0,2_MEDIO,2_MEDIO,0
37016010,2100000.0,3_ALTO,3_ALTO,0
37016017,1050000.0,3_ALTO,3_ALTO,0
37022025,575000.0,2_MEDIO,2_MEDIO,0
37022901,1550000.0,3_ALTO,3_ALTO,0
37022902,80000.0,1_BAJO,1_BAJO,0
37022903,350000.0,1_BAJO,1_BAJO,0
37027901,625000.0,2_MEDIO,2_MEDIO,0
37027902,330000.0,1_BAJO,1_BAJO,0
37027904,1575000.0,3_ALTO,3_ALTO,1
37027905,600000.0,2_MEDIO,2_MEDIO,0
37032901,330000.0,1_BAJO,1_BAJO,0
37032902,475000.0,2_MEDIO,2_MEDIO,0
37032903,475000.0,2_MEDIO,2_MEDIO,0
37032907,455000.0,2_MEDIO,2_MEDIO,0
37037901,800000.0,2_MEDIO,2_MEDIO,0
37037902,440000.0,2_MEDIO,2_MEDIO,1
37037904,40000.0,1_BAJO,1_BAJO,0
37037906,625000.0,2_MEDIO,2_MEDIO,0
37040106,1250000.0,3_ALTO,3_ALTO,0
37040115,1525000.0,3_ALTO,3_ALTO,0
37040901,800000.0,2_MEDIO,2_MEDIO,0
37040902,440000.0,2_MEDIO,2_MEDIO,1
37047904,40000.0,1_BAJO,1_BAJO,0
37047905,800000.0,2_MEDIO,2_MEDIO,0
37047906,1065000.0,3_ALTO,3_ALTO,0
37047907,165000.0,1_BAJO,1_BAJO,0
37047908,475000.0,2_MEDIO,2_MEDIO,0
37058007,3165002.0,3_ALTO,3_ALTO,0
37058012,1625000.0,3_ALTO,3_ALTO,0
37058031,1500001.0,3_ALTO,3_ALTO,0
37058902,800000.0,2_MEDIO,2_MEDIO,0
37058903,1350000.0,3_ALTO,3_ALTO,0
37058904,2300001.0,3_ALTO,3_ALTO,0
38001006,1500001.0,3_ALTO,3_ALTO,0
38001017,1350000.0,3_ALTO,3_ALTO,0
38001050,350000.0,1_BAJO,1_BAJO,0
38001901,1075000.0,3_ALTO,3_ALTO,0
38003003,1900000.0,3_ALTO,3_ALTO,0
38003006,350000.0,1_BAJO,1_BAJO,0
38003008,950000.0,2_MEDIO,2_MEDIO,0
38008901,1500001.0,3_ALTO,3_ALTO,0
38008902,165000.0,1_BAJO,1_BAJO,0
38008903,2700000.0,3_ALTO,3_ALTO,0
38008904,575000.0,2_MEDIO,2_MEDIO,0
38008906,1350000.0,3_ALTO,3_ALTO,1
38008907,800000.0,2_MEDIO,2_MEDIO,0
39001004,1490000.0,3_ALTO,3_ALTO,0
39001901,2125001.0,3_ALTO,3_ALTO,0
39002901,380000.0,2_MEDIO,2_MEDIO,0
39002902,750000.0,2_MEDIO,2_MEDIO,0
39003901,475000.0,2_MEDIO,2_MEDIO,0
39003902,265000.0,1_BAJO,1_BAJO,0
39003904,275000.0,1_BAJO,1_BAJO,0
39007901,1350000.0,3_ALTO,3_ALTO,0
39007902,165000.0,1_BAJO,1_BAJO,0
39007903,390000.0,2_MEDIO,2_MEDIO,0
39007905,210000.0,1_BAJO,1_BAJO,0
39007906,450000.0,2_MEDIO,2_MEDIO,0
39007907,350000.0,1_BAJO,1_BAJO,0
39010103,1215000.0,3_ALTO,3_ALTO,0
39010902,575000.0,2_MEDIO,2_MEDIO,0
39010904,350000.0,1_BAJO,1_BAJO,0
39010905,1325000.0,3_ALTO,3_ALTO,0
39011026,1350000.0,3_ALTO,3_ALTO,0
40001003,1500001.0,3_ALTO,3_ALTO,0
40001020,1800000.0,3_ALTO,3_ALTO,0
40001901,955000.0,3_ALTO,3_ALTO,0
41002002,1350000.0,3_ALTO,3_ALTO,0
41002005,2125001.0,3_ALTO,3_ALTO,0
41002010,475000.0,2_MEDIO,2_MEDIO,0
41002011,1975000.0,3_ALTO,3_ALTO,0
42004005,475000.0,2_MEDIO,2_MEDIO,0
42004006,475000.0,2_MEDIO,2_MEDIO,0
42004013,275000.0,1_BAJO,1_BAJO,0
42004016,275000.0,1_BAJO,1_BAJO,0
42009005,1350000.0,3_ALTO,3_ALTO,1
42009017,1575000.0,3_ALTO,3_ALTO,1
42009030,1350000.0,3_ALTO,3_ALTO,0
42009901,1575000.0,3_ALTO,3_ALTO,1
42018003,825000.0,2_MEDIO,2_MEDIO,0
42018005,975000.0,3_ALTO,3_ALTO,0
42018010,990000.0,3_ALTO,3_ALTO,0
42018014,915000.0,2_MEDIO,2_MEDIO,0
42024001,1225000.0,3_ALTO,3_ALTO,0
42024002,950000.0,2_MEDIO,2_MEDIO,0
42024004,350000.0,1_BAJO,1_BAJO,0
42024006,210000.0,1_BAJO,1_BAJO,0
42024021,500000.0,2_MEDIO,2_MEDIO,0
42024022,225000.0,1_BAJO,1_BAJO,0
42024023,1075000.0,3_ALTO,3_ALTO,0
42030012,475000.0,2_MEDIO,2_MEDIO,0
42030013,475000.0,2_MEDIO,2_MEDIO,0
42030015,350000.0,1_BAJO,1_BAJO,0
42030901,275000.0,1_BAJO,1_BAJO,0
42038021,165000.0,1_BAJO,1_BAJO,0
42038023,1250000.0,3_ALTO,3_ALTO,0
42038027,1175000.0,3_ALTO,3_ALTO,0
42038031,1175000.0,3_ALTO,3_ALTO,0
42046002,350000.0,1_BAJO,1_BAJO,0
42046004,625000.0,2_MEDIO,2_MEDIO,0
42046005,275000.0,1_BAJO,1_BAJO,0
42046007,275000.0,1_BAJO,1_BAJO,0
42049004,475000.0,2_MEDIO,2_MEDIO,0
42049007,825000.0,2_MEDIO,2_MEDIO,0
42049009,275000.0,1_BAJO,1_BAJO,0
42049048,1100000.0,3_ALTO,3_ALTO,0
42055013,1500001.0,3_ALTO,3_ALTO,0
42055016,1440000.0,3_ALTO,3_ALTO,1
42055018,2150000.0,3_ALTO,3_ALTO,0
42055022,1155000.0,3_ALTO,3_ALTO,0
42058002,1425000.0,3_ALTO,3_ALTO,0
42058007,1975000.0,3_ALTO,3_ALTO,0
42058010,475000.0,2_MEDIO,2_MEDIO,0
42058029,1500001.0,3_ALTO,3_ALTO,0
42062003,625000.0,2_MEDIO,2_MEDIO,0
42062012,1780000.0,3_ALTO,3_ALTO,0
42062013,2025000.0,3_ALTO,3_ALTO,1
42062023,40000.0,1_BAJO,1_BAJO,0
43002002,740000.0,2_MEDIO,2_MEDIO,0
43002003,825000.0,2_MEDIO,2_MEDIO,0
43002007,700000.0,2_MEDIO,2_MEDIO,0
43002010,950000.0,2_MEDIO,2_MEDIO,0
43004017,1100000.0,3_ALTO,3_ALTO,0
43004021,275000.0,1_BAJO,1_BAJO,0
43004026,790000.0,2_MEDIO,2_MEDIO,0
43004031,625000.0,2_MEDIO,2_MEDIO,0
43013005,1250000.0,3_ALTO,3_ALTO,0
43013007,625000.0,2_MEDIO,2_MEDIO,0
43013020,480000.0,2_MEDIO,2_MEDIO,1
43013031,625000.0,2_MEDIO,2_MEDIO,0
43016015,350000.0,1_BAJO,1_BAJO,0
43016018,660000.0,2_MEDIO,2_MEDIO,0
43016023,165000.0,1_BAJO,1_BAJO,0
43016025,1150000.0,3_ALTO,3_ALTO,0
43020006,165000.0,1_BAJO,1_BAJO,0
43020020,165000.0,1_BAJO,1_BAJO,0
43020023,165000.0,1_BAJO,1_BAJO,0
43020031,330000.0,1_BAJO,1_BAJO,0
43023008,520000.0,2_MEDIO,2_MEDIO,1
43023015,350000.0,1_BAJO,1_BAJO,0
43023022,700000.0,2_MEDIO,2_MEDIO,0
43023902,165000.0,1_BAJO,1_BAJO,0
43026001,680000.0,2_MEDIO,2_MEDIO,0
43026013,40000.0,1_BAJO,1_BAJO,0
43026021,700000.0,2_MEDIO,2_MEDIO,0
43026034,165000.0,1_BAJO,1_BAJO,0
43027001,350000.0,1_BAJO,1_BAJO,0
43027007,305000.0,1_BAJO,1_BAJO,0
43027011,330000.0,1_BAJO,1_BAJO,0
43027016,310000.0,1_BAJO,1_BAJO,0
43033001,225000.0,1_BAJO,1_BAJO,0
43033004,165000.0,1_BAJO,1_BAJO,0
43033011,450000.0,2_MEDIO,2_MEDIO,0
43033021,270000.0,1_BAJO,1_BAJO,0
43037004,640000.0,2_MEDIO,2_MEDIO,0
43037005,205000.0,1_BAJO,1_BAJO,0
43037006,105000.0,1_BAJO,1_BAJO,0
43037027,270000.0,1_BAJO,1_BAJO,0
43037035,270000.0,1_BAJO,1_BAJO,0
43041006,640000.0,2_MEDIO,2_MEDIO,0
43041011,165000.0,1_BAJO,1_BAJO,0
43041013,165000.0,1_BAJO,1_BAJO,0
43041014,225000.0,1_BAJO,1_BAJO,0
43046020,165000.0,1_BAJO,1_BAJO,0
43046033,270000.0,1_BAJO,1_BAJO,0
43046034,270000.0,1_BAJO,1_BAJO,0
43046901,330000.0,1_BAJO,1_BAJO,0
43046902,40000.0,1_BAJO,1_BAJO,0
43050021,145000.0,1_BAJO,1_BAJO,0
43050027,275000.0,1_BAJO,1_BAJO,0
43050030,330000.0,1_BAJO,1_BAJO,0
43050035,60000.0,1_BAJO,1_BAJO,1
43052005,625000.0,2_MEDIO,2_MEDIO,0
43052022,80000.0,1_BAJO,1_BAJO,0
43052029,275000.0,1_BAJO,1_BAJO,0
43052032,205000.0,1_BAJO,1_BAJO,0
43053022,225000.0,1_BAJO,1_BAJO,0
43053023,450000.0,2_MEDIO,2_MEDIO,0
43053025,550000.0,2_MEDIO,2_MEDIO,0
43053027,775000.0,2_MEDIO,2_MEDIO,0
43054005,105000.0,1_BAJO,1_BAJO,0
43054006,500000.0,2_MEDIO,2_MEDIO,0
43054007,275000.0,1_BAJO,1_BAJO,0
43054008,225000.0,1_BAJO,1_BAJO,0
43055002,725000.0,2_MEDIO,2_MEDIO,0
43055004,725000.0,2_MEDIO,2_MEDIO,0
43055005,675000.0,2_MEDIO,2_MEDIO,0
43055007,275000.0,1_BAJO,1_BAJO,0
43056004,275000.0,1_BAJO,1_BAJO,0
43056005,655000.0,2_MEDIO,2_MEDIO,0
43056006,275000.0,1_BAJO,1_BAJO,0
43056015,380000.0,2_MEDIO,2_MEDIO,0
43057001,350000.0,1_BAJO,1_BAJO,0
43057005,500000.0,2_MEDIO,2_MEDIO,0
43057026,625000.0,2_MEDIO,2_MEDIO,0
43057029,500000.0,2_MEDIO,2_MEDIO,0
43060003,165000.0,1_BAJO,1_BAJO,0
43060006,625000.0,2_MEDIO,2_MEDIO,0
43060007,390000.0,2_MEDIO,2_MEDIO,0
43060009,700000.0,2_MEDIO,2_MEDIO,0
43062001,720000.0,2_MEDIO,2_MEDIO,1
43062009,520000.0,2_MEDIO,2_MEDIO,1
43062012,270000.0,1_BAJO,1_BAJO,0
43063009,330000.0,1_BAJO,1_BAJO,0
43063015,500000.0,2_MEDIO,2_MEDIO,0
43063021,165000.0,1_BAJO,1_BAJO,0
43063022,330000.0,1_BAJO,1_BAJO,0
43064002,665000.0,2_MEDIO,2_MEDIO,0
43064004,225000.0,1_BAJO,1_BAJO,0
43064011,330000.0,1_BAJO,1_BAJO,0
43064027,480000.0,2_MEDIO,2_MEDIO,0
43064901,80000.0,1_BAJO,1_BAJO,0
43064902,390000.0,2_MEDIO,2_MEDIO,0
43065006,500000.0,2_MEDIO,2_MEDIO,0
43065007,1650000.0,3_ALTO,3_ALTO,0
43065011,390000.0,2_MEDIO,2_MEDIO,0
43065014,165000.0,1_BAJO,1_BAJO,0
43065015,270000.0,1_BAJO,1_BAJO,0
43066013,625000.0,2_MEDIO,2_MEDIO,0
43066901,210000.0,1_BAJO,1_BAJO,0
43066902,700000.0,2_MEDIO,2_MEDIO,0
43066903,550000.0,2_MEDIO,2_MEDIO,0
43066904,865000.0,2_MEDIO,2_MEDIO,0
43067004,450000.0,2_MEDIO,2_MEDIO,0
43067008,225000.0,1_BAJO,1_BAJO,0
43067011,165000.0,1_BAJO,1_BAJO,0
43067012,165000.0,1_BAJO,1_BAJO,0
43068001,555000.0,2_MEDIO,2_MEDIO,0
43068901,380000.0,2_MEDIO,2_MEDIO,0
43068902,575000.0,2_MEDIO,2_MEDIO,0
43068903,550000.0,2_MEDIO,2_MEDIO,0
43069016,225000.0,1_BAJO,1_BAJO,0
43069017,330000.0,1_BAJO,1_BAJO,0
43069019,390000.0,2_MEDIO,2_MEDIO,0
43069025,330000.0,1_BAJO,1_BAJO,0
43070003,165000.0,1_BAJO,1_BAJO,0
43070009,455000.0,2_MEDIO,2_MEDIO,0
43070020,165000.0,1_BAJO,1_BAJO,0
43070021,165000.0,1_BAJO,1_BAJO,0
43073013,880000.0,2_MEDIO,2_MEDIO,0
43073016,275000.0,1_BAJO,1_BAJO,0
43073019,790000.0,2_MEDIO,2_MEDIO,0
43073021,625000.0,2_MEDIO,2_MEDIO,0
43075007,1100000.0,3_ALTO,3_ALTO,0
43075009,275000.0,1_BAJO,1_BAJO,0
43075011,625000.0,2_MEDIO,2_MEDIO,0
43075014,475000.0,2_MEDIO,2_MEDIO,0
43076901,390000.0,2_MEDIO,2_MEDIO,0
43076902,1015000.0,3_ALTO,3_ALTO,0
43076903,475000.0,2_MEDIO,2_MEDIO,0
43076904,1225000.0,3_ALTO,3_ALTO,0
43084006,370000.0,2_MEDIO,2_MEDIO,0
43084008,165000.0,1_BAJO,1_BAJO,0
43084026,275000.0,1_BAJO,1_BAJO,0
43084901,265000.0,1_BAJO,1_BAJO,0
43085004,855000.0,2_MEDIO,2_MEDIO,0
43085005,165000.0,1_BAJO,1_BAJO,0
43085006,440000.0,2_MEDIO,2_MEDIO,0
43085021,540000.0,2_MEDIO,2_MEDIO,0
43092017,330000.0,1_BAJO,1_BAJO,0
43092018,105000.0,1_BAJO,1_BAJO,0
43092020,225000.0,1_BAJO,1_BAJO,0
43092022,490000.0,2_MEDIO,2_MEDIO,0
43093006,375000.0,2_MEDIO,2_MEDIO,0
43093008,165000.0,1_BAJO,1_BAJO,0
43093009,165000.0,1_BAJO,1_BAJO,0
43093011,515000.0,2_MEDIO,2_MEDIO,0
43094001,270000.0,1_BAJO,1_BAJO,0
43094002,380000.0,2_MEDIO,2_MEDIO,0
43094003,330000.0,1_BAJO,1_BAJO,0
43094009,165000.0,1_BAJO,1_BAJO,0
43095012,825000.0,2_MEDIO,2_MEDIO,0
43095018,500000.0,2_MEDIO,2_MEDIO,0
43095019,390000.0,2_MEDIO,2_MEDIO,0
43095022,275000.0,1_BAJO,1_BAJO,0
43096008,275000.0,1_BAJO,1_BAJO,0
43096013,550000.0,2_MEDIO,2_MEDIO,0
43096901,350000.0,1_BAJO,1_BAJO,0
43096902,350000.0,1_BAJO,1_BAJO,0
43097001,700000.0,2_MEDIO,2_MEDIO,0
43097005,515000.0,2_MEDIO,2_MEDIO,0
43097010,700000.0,2_MEDIO,2_MEDIO,0
43097012,165000.0,1_BAJO,1_BAJO,0
43098022,740000.0,2_MEDIO,2_MEDIO,0
43098026,275000.0,1_BAJO,1_BAJO,0
43098030,475000.0,2_MEDIO,2_MEDIO,0
43098032,725000.0,2_MEDIO,2_MEDIO,0
43099002,225000.0,1_BAJO,1_BAJO,0
43099004,500000.0,2_MEDIO,2_MEDIO,0
43099006,575000.0,2_MEDIO,2_MEDIO,0
43099010,350000.0,1_BAJO,1_BAJO,0
43103015,550000.0,2_MEDIO,2_MEDIO,0
43104003,625000.0,2_MEDIO,2_MEDIO,0
43104007,725000.0,2_MEDIO,2_MEDIO,0
43104014,665000.0,2_MEDIO,2_MEDIO,0
43104016,275000.0,1_BAJO,1_BAJO,0
43104024,225000.0,1_BAJO,1_BAJO,0
43105005,350000.0,1_BAJO,1_BAJO,0
43105006,105000.0,1_BAJO,1_BAJO,0
43105008,275000.0,1_BAJO,1_BAJO,0
43105009,330000.0,1_BAJO,1_BAJO,0
43106004,450000.0,2_MEDIO,2_MEDIO,0
43106006,390000.0,2_MEDIO,2_MEDIO,0
43106007,275000.0,1_BAJO,1_BAJO,0
43106011,225000.0,1_BAJO,1_BAJO,0
43108001,475000.0,2_MEDIO,2_MEDIO,0
43108004,990000.0,3_ALTO,3_ALTO,0
43108007,225000.0,1_BAJO,1_BAJO,0
43108014,1005000.0,3_ALTO,3_ALTO,0
43108033,575000.0,2_MEDIO,2_MEDIO,0
43111007,440000.0,2_MEDIO,2_MEDIO,0
43111010,225000.0,1_BAJO,1_BAJO,0
43111023,300000.0,1_BAJO,1_BAJO,1
43111024,165000.0,1_BAJO,1_BAJO,0
43113003,300000.0,1_BAJO,1_BAJO,1
43113011,605000.0,2_MEDIO,2_MEDIO,0
43113016,1055000.0,3_ALTO,3_ALTO,0
43113017,165000.0,1_BAJO,1_BAJO,0
43114001,240000.0,1_BAJO,1_BAJO,1
43114002,455000.0,2_MEDIO,2_MEDIO,0
43114005,330000.0,1_BAJO,1_BAJO,0
43114901,500000.0,2_MEDIO,2_MEDIO,0
43115003,275000.0,1_BAJO,1_BAJO,0
43115012,240000.0,1_BAJO,1_BAJO,1
43115016,225000.0,1_BAJO,1_BAJO,0
43115901,390000.0,2_MEDIO,2_MEDIO,0
43116002,1095000.0,3_ALTO,3_ALTO,0
43116008,475000.0,2_MEDIO,2_MEDIO,0
43116010,270000.0,1_BAJO,1_BAJO,0
43116015,165000.0,1_BAJO,1_BAJO,0
43117002,40000.0,1_BAJO,1_BAJO,0
43117004,105000.0,1_BAJO,1_BAJO,0
43117005,145000.0,1_BAJO,1_BAJO,0
43117007,80000.0,1_BAJO,1_BAJO,0
43118002,165000.0,1_BAJO,1_BAJO,0
43118003,560000.0,2_MEDIO,2_MEDIO,0
43118902,105000.0,1_BAJO,1_BAJO,0
43118904,40000.0,1_BAJO,1_BAJO,0
43119009,225000.0,1_BAJO,1_BAJO,0
43119010,390000.0,2_MEDIO,2_MEDIO,0
43119011,800000.0,2_MEDIO,2_MEDIO,0
43119016,515000.0,2_MEDIO,2_MEDIO,0
43119017,1025000.0,3_ALTO,3_ALTO,0
43124011,225000.0,1_BAJO,1_BAJO,0
43124012,275000.0,1_BAJO,1_BAJO,0
43124013,275000.0,1_BAJO,1_BAJO,0
43124017,390000.0,2_MEDIO,2_MEDIO,0
43126006,475000.0,2_MEDIO,2_MEDIO,0
43126008,850000.0,2_MEDIO,2_MEDIO,0
43126011,825000.0,2_MEDIO,2_MEDIO,0
43129012,575000.0,2_MEDIO,2_MEDIO,0
43129014,625000.0,2_MEDIO,2_MEDIO,0
43129015,475000.0,2_MEDIO,2_MEDIO,0
43129016,550000.0,2_MEDIO,2_MEDIO,0
43132005,950000.0,2_MEDIO,2_MEDIO,0
43132006,550000.0,2_MEDIO,2_MEDIO,0
43132011,390000.0,2_MEDIO,2_MEDIO,0
43132013,660000.0,2_MEDIO,2_MEDIO,1
43135007,455000.0,2_MEDIO,2_MEDIO,0
43135015,275000.0,1_BAJO,1_BAJO,0
43135016,740000.0,2_MEDIO,2_MEDIO,0
43135901,330000.0,1_BAJO,1_BAJO,0
44001037,275000.0,1_BAJO,1_BAJO,0
44001901,1350000.0,3_ALTO,3_ALTO,0
44001902,800000.0,2_MEDIO,2_MEDIO,0
44001903,625000.0,2_MEDIO,2_MEDIO,0
44004004,625000.0,2_MEDIO,2_MEDIO,0
44004007,1455000.0,3_ALTO,3_ALTO,0
44004014,1050000.0,3_ALTO,3_ALTO,0
44004015,1350000.0,3_ALTO,3_ALTO,0
44008004,1275000.0,3_ALTO,3_ALTO,0
44008005,2700000.0,3_ALTO,3_ALTO,0
44008029,1350000.0,3_ALTO,3_ALTO,1
44008030,1430000.0,3_ALTO,3_ALTO,0
44012015,515000.0,2_MEDIO,2_MEDIO,0
44012018,1050000.0,3_ALTO,3_ALTO,0
44012901,1175000.0,3_ALTO,3_ALTO,0
44012902,700000.0,2_MEDIO,2_MEDIO,0
44016044,965000.0,3_ALTO,3_ALTO,0
44016045,750000.0,2_MEDIO,2_MEDIO,0
44016047,145000.0,1_BAJO,1_BAJO,0
44016901,950000.0,2_MEDIO,2_MEDIO,0
45001004,1140000.0,3_ALTO,3_ALTO,0
45001010,975000.0,3_ALTO,3_ALTO,0
45001014,165000.0,1_BAJO,1_BAJO,0
45001016,1100000.0,3_ALTO,3_ALTO,0
45003015,700000.0,2_MEDIO,2_MEDIO,0
45003028,680000.0,2_MEDIO,2_MEDIO,1
45003066,1100000.0,3_ALTO,3_ALTO,0
45003071,1100000.0,3_ALTO,3_ALTO,0
46001006,225000.0,1_BAJO,1_BAJO,0
46001007,1100000.0,3_ALTO,3_ALTO,0
46001901,1100000.0,3_ALTO,3_ALTO,0
46001902,225000.0,1_BAJO,1_BAJO,0
47003004,1850000.0,3_ALTO,3_ALTO,0
47003012,475000.0,2_MEDIO,2_MEDIO,0
47003013,390000.0,2_MEDIO,2_MEDIO,0
47007022,640000.0,2_MEDIO,2_MEDIO,0
47007028,825000.0,2_MEDIO,2_MEDIO,0
47008001,475000.0,2_MEDIO,2_MEDIO,0
47008006,500000.0,2_MEDIO,2_MEDIO,0
47008012,975000.0,3_ALTO,3_ALTO,0
47008014,620000.0,2_MEDIO,2_MEDIO,0
47009004,1675000.0,3_ALTO,3_ALTO,0
47009005,390000.0,2_MEDIO,2_MEDIO,0
47009012,825000.0,2_MEDIO,2_MEDIO,0
47009016,950000.0,2_MEDIO,2_MEDIO,0
47009019,350000.0,1_BAJO,1_BAJO,0
47022903,950000.0,2_MEDIO,2_MEDIO,0
47022904,1075000.0,3_ALTO,3_ALTO,0
47022905,350000.0,1_BAJO,1_BAJO,0
47022906,350000.0,1_BAJO,1_BAJO,0
47022907,1100000.0,3_ALTO,3_ALTO,0
47022908,275000.0,1_BAJO,1_BAJO,0
47022909,475000.0,2_MEDIO,2_MEDIO,0
47022910,515000.0,2_MEDIO,2_MEDIO,0
47022911,350000.0,1_BAJO,1_BAJO,0
47025002,700000.0,2_MEDIO,2_MEDIO,0
47025007,760000.0,2_MEDIO,2_MEDIO,1
47041023,1250000.0,3_ALTO,3_ALTO,0
47041025,825000.0,2_MEDIO,2_MEDIO,0
47041029,1230000.0,3_ALTO,3_ALTO,0
47041032,655000.0,2_MEDIO,2_MEDIO,0
47044003,165000.0,1_BAJO,1_BAJO,0
47044004,675000.0,2_MEDIO,2_MEDIO,0
47044006,1375000.0,3_ALTO,3_ALTO,0
47044011,575000.0,2_MEDIO,2_MEDIO,0
47044014,625000.0,2_MEDIO,2_MEDIO,0
47047004,625000.0,2_MEDIO,2_MEDIO,0
47047005,475000.0,2_MEDIO,2_MEDIO,0
47047019,475000.0,2_MEDIO,2_MEDIO,0
47047022,1100000.0,3_ALTO,3_ALTO,0
47050002,275000.0,1_BAJO,1_BAJO,0
47050008,475000.0,2_MEDIO,2_MEDIO,0
47050014,1150000.0,3_ALTO,3_ALTO,0
47050018,1975001.0,3_ALTO,3_ALTO,0
47055003,500000.0,2_MEDIO,2_MEDIO,0
47055009,1275000.0,3_ALTO,3_ALTO,0
47055016,480000.0,2_MEDIO,2_MEDIO,1
47055901,900000.0,2_MEDIO,2_MEDIO,0
47057010,2100000.0,3_ALTO,3_ALTO,0
47057043,1125000.0,3_ALTO,3_ALTO,1
47057054,1125000.0,3_ALTO,3_ALTO,1
47057062,1400000.0,3_ALTO,3_ALTO,0
47065002,515000.0,2_MEDIO,2_MEDIO,0
47065008,575000.0,2_MEDIO,2_MEDIO,0
47065011,225000.0,1_BAJO,1_BAJO,0
47065013,275000.0,1_BAJO,1_BAJO,0
47065901,440000.0,2_MEDIO,2_MEDIO,0
48004003,725000.0,2_MEDIO,2_MEDIO,0
48004007,990000.0,3_ALTO,3_ALTO,0
48004901,1725000.0,3_ALTO,3_ALTO,0
48004902,3000002.0,3_ALTO,3_ALTO,0
48023001,730000.0,2_MEDIO,2_MEDIO,0
48023002,1215000.0,3_ALTO,3_ALTO,0
48023004,970000.0,3_ALTO,3_ALTO,0
48023005,1350000.0,3_ALTO,3_ALTO,1
48023011,625000.0,2_MEDIO,2_MEDIO,0
48023901,500000.0,2_MEDIO,2_MEDIO,0
49011022,3000002.0,3_ALTO,3_ALTO,0
49011026,1500001.0,3_ALTO,3_ALTO,0
49014003,3000002.0,3_ALTO,3_ALTO,0
49014004,1850001.0,3_ALTO,3_ALTO,0
49014007,3125001.0,3_ALTO,3_ALTO,0
49014009,3000002.0,3_ALTO,3_ALTO,0
49014010,2850001.0,3_ALTO,3_ALTO,0
49014011,2850001.0,3_ALTO,3_ALTO,0
49015903,3350002.0,3_ALTO,3_ALTO,0
49016903,1770001.0,3_ALTO,3_ALTO,0
49016905,1975001.0,3_ALTO,3_ALTO,0
49016906,2125001.0,3_ALTO,3_ALTO,0
49016907,1850001.0,3_ALTO,3_ALTO,0
49016908,3000002.0,3_ALTO,3_ALTO,0
49021901,2850001.0,3_ALTO,3_ALTO,0
49021902,3000002.0,3_ALTO,3_ALTO,0
49021903,1775001.0,3_ALTO,3_ALTO,0
49021904,3000002.0,3_ALTO,3_ALTO,0
49021905,2850001.0,3_ALTO,3_ALTO,0
49021906,3000002.0,3_ALTO,3_ALTO,0
49021907,3000002.0,3_ALTO,3_ALTO,0
49021908,2550001.0,3_ALTO,3_ALTO,0
49021909,475000.0,2_MEDIO,2_MEDIO,0
50001902,270000.0,1_BAJO,1_BAJO,0
50001903,165000.0,1_BAJO,1_BAJO,0
50001904,105000.0,1_BAJO,1_BAJO,0
50001905,495000.0,2_MEDIO,2_MEDIO,0
51001901,350000.0,1_BAJO,1_BAJO,0
51001902,855000.0,2_MEDIO,2_MEDIO,0
51001903,600000.0,2_MEDIO,2_MEDIO,1
51001904,625000.0,2_MEDIO,2_MEDIO,0
51001905,975000.0,3_ALTO,3_ALTO,0
52008015,575000.0,2_MEDIO,2_MEDIO,0
52008017,625000.0,2_MEDIO,2_MEDIO,0
52008018,225000.0,1_BAJO,1_BAJO,0
52008903,265000.0,1_BAJO,1_BAJO,0
52015009,600000.0,2_MEDIO,2_MEDIO,1
52015019,225000.0,1_BAJO,1_BAJO,0
52015022,1250000.0,3_ALTO,3_ALTO,0
52015023,450000.0,2_MEDIO,2_MEDIO,0
52021901,550000.0,2_MEDIO,2_MEDIO,0
52021902,450000.0,2_MEDIO,2_MEDIO,0
52021903,390000.0,2_MEDIO,2_MEDIO,0
52021904,165000.0,1_BAJO,1_BAJO,0
52022006,165000.0,1_BAJO,1_BAJO,0
52022901,2150000.0,3_ALTO,3_ALTO,0
52023901,1500001.0,3_ALTO,3_ALTO,0
52023902,800000.0,2_MEDIO,2_MEDIO,0
52024009,545000.0,2_MEDIO,2_MEDIO,0
52024014,520000.0,2_MEDIO,2_MEDIO,1
52024901,750000.0,2_MEDIO,2_MEDIO,0
52024902,390000.0,2_MEDIO,2_MEDIO,0
52024904,390000.0,2_MEDIO,2_MEDIO,0
52024905,675000.0,2_MEDIO,2_MEDIO,0
52024906,1425000.0,3_ALTO,3_ALTO,0
52024907,390000.0,2_MEDIO,2_MEDIO,0
52025901,1600000.0,3_ALTO,3_ALTO,0
52025902,1025000.0,3_ALTO,3_ALTO,0
52025903,225000.0,1_BAJO,1_BAJO,0
52025905,720000.0,2_MEDIO,2_MEDIO,1
52027008,515000.0,2_MEDIO,2_MEDIO,0
52027901,450000.0,2_MEDIO,2_MEDIO,0
52027902,640000.0,2_MEDIO,2_MEDIO,1
52027903,165000.0,1_BAJO,1_BAJO,0
52027904,1425000.0,3_ALTO,3_ALTO,0
52029004,225000.0,1_BAJO,1_BAJO,0
52029010,1500001.0,3_ALTO,3_ALTO,0
52029011,665000.0,2_MEDIO,2_MEDIO,0
52029901,275000.0,1_BAJO,1_BAJO,0
52030901,790000.0,2_MEDIO,2_MEDIO,0
52030902,275000.0,1_BAJO,1_BAJO,0
52030903,800000.0,2_MEDIO,2_MEDIO,0
52030904,850000.0,2_MEDIO,2_MEDIO,0
53001901,800000.0,2_MEDIO,2_MEDIO,0
53001902,1025000.0,3_ALTO,3_ALTO,0
53001903,1425000.0,3_ALTO,3_ALTO,0
53001904,1425000.0,3_ALTO,3_ALTO,0
54001901,330000.0,1_BAJO,1_BAJO,0
54001902,800000.0,2_MEDIO,2_MEDIO,0
54001903,165000.0,1_BAJO,1_BAJO,0
54001904,205000.0,1_BAJO,1_BAJO,0
55004001,1100000.0,3_ALTO,3_ALTO,0
55004002,475000.0,2_MEDIO,2_MEDIO,0
55004005,625000.0,2_MEDIO,2_MEDIO,0
55004013,475000.0,2_MEDIO,2_MEDIO,0
55007011,575000.0,2_MEDIO,2_MEDIO,0
55007020,625000.0,2_MEDIO,2_MEDIO,0
55007022,825000.0,2_MEDIO,2_MEDIO,0
55007024,625000.0,2_MEDIO,2_MEDIO,0
55007902,225000.0,1_BAJO,1_BAJO,0
56006006,350000.0,1_BAJO,1_BAJO,0
56006008,1950000.0,3_ALTO,3_ALTO,0
56006901,475000.0,2_MEDIO,2_MEDIO,0
56006902,275000.0,1_BAJO,1_BAJO,0
57016901,1500001.0,3_ALTO,3_ALTO,0
57016902,3000002.0,3_ALTO,3_ALTO,0
57016903,3000002.0,3_ALTO,3_ALTO,0
57016904,2125001.0,3_ALTO,3_ALTO,0
57016905,2550001.0,3_ALTO,3_ALTO,0
57016906,1975001.0,3_ALTO,3_ALTO,0
58003902,390000.0,2_MEDIO,2_MEDIO,0
58003903,270000.0,1_BAJO,1_BAJO,0
58003904,355000.0,2_MEDIO,2_MEDIO,0
58003905,560000.0,2_MEDIO,2_MEDIO,1
58004902,555000.0,2_MEDIO,2_MEDIO,0
58004903,225000.0,1_BAJO,1_BAJO,0
58004904,450000.0,2_MEDIO,2_MEDIO,0
58004905,390000.0,2_MEDIO,2_MEDIO,0
58005902,330000.0,1_BAJO,1_BAJO,0
58005903,165000.0,1_BAJO,1_BAJO,0
58005904,105000.0,1_BAJO,1_BAJO,0
58005905,380000.0,2_MEDIO,2_MEDIO,0
58005906,165000.0,1_BAJO,1_BAJO,0
59006901,975000.0,3_ALTO,3_ALTO,0
59006902,1075000.0,3_ALTO,3_ALTO,0
59006904,615000.0,2_MEDIO,2_MEDIO,0
59006905,800000.0,2_MEDIO,2_MEDIO,1
60002902,2300001.0,3_ALTO,3_ALTO,0
60002903,575000.0,2_MEDIO,2_MEDIO,0
60002904,1150000.0,3_ALTO,3_ALTO,0
60002905,750000.0,2_MEDIO,2_MEDIO,0
60002906,1725001.0,3_ALTO,3_ALTO,0
61002001,225000.0,1_BAJO,1_BAJO,0
61002002,225000.0,1_BAJO,1_BAJO,0
61002003,225000.0,1_BAJO,1_BAJO,0
61002004,580000.0,2_MEDIO,2_MEDIO,0
62002001,450000.0,2_MEDIO,2_MEDIO,0
62002901,275000.0,1_BAJO,1_BAJO,0
62002902,330000.0,1_BAJO,1_BAJO,0
62002903,225000.0,1_BAJO,1_BAJO,0
62002904,440000.0,2_MEDIO,2_MEDIO,0
63003017,1015000.0,3_ALTO,3_ALTO,0
63003019,475000.0,2_MEDIO,2_MEDIO,0
63003025,350000.0,1_BAJO,1_BAJO,0
63003043,225000.0,1_BAJO,1_BAJO,0
63004010,550000.0,2_MEDIO,2_MEDIO,0
63004901,275000.0,1_BAJO,1_BAJO,0
63004904,330000.0,1_BAJO,1_BAJO,0
63004905,555000.0,2_MEDIO,2_MEDIO,0
63008901,165000.0,1_BAJO,1_BAJO,0
63008902,390000.0,2_MEDIO,2_MEDIO,0
63008903,240000.0,1_BAJO,1_BAJO,1
63008904,145000.0,1_BAJO,1_BAJO,0
63016003,1150000.0,3_ALTO,3_ALTO,0
63016007,625000.0,2_MEDIO,2_MEDIO,0
63016011,1065000.0,3_ALTO,3_ALTO,0
63016013,950000.0,2_MEDIO,2_MEDIO,0
63019006,1015000.0,3_ALTO,3_ALTO,0
63019028,475000.0,2_MEDIO,2_MEDIO,0
63019029,625000.0,2_MEDIO,2_MEDIO,0
63019036,475000.0,2_MEDIO,2_MEDIO,0
63022007,475000.0,2_MEDIO,2_MEDIO,0
63022015,625000.0,2_MEDIO,2_MEDIO,0
63022030,515000.0,2_MEDIO,2_MEDIO,0
63022033,625000.0,2_MEDIO,2_MEDIO,0
63023019,225000.0,1_BAJO,1_BAJO,0
63023024,500000.0,2_MEDIO,2_MEDIO,0
63023038,975000.0,3_ALTO,3_ALTO,0
63023039,225000.0,1_BAJO,1_BAJO,0
63026009,750000.0,2_MEDIO,2_MEDIO,0
63026012,390000.0,2_MEDIO,2_MEDIO,0
63026022,350000.0,1_BAJO,1_BAJO,0
63026036,825000.0,2_MEDIO,2_MEDIO,0
63031009,925000.0,2_MEDIO,2_MEDIO,0
63031019,225000.0,1_BAJO,1_BAJO,0
63031022,700000.0,2_MEDIO,2_MEDIO,0
63031026,575000.0,2_MEDIO,2_MEDIO,0
63036004,740000.0,2_MEDIO,2_MEDIO,0
63036010,975000.0,3_ALTO,3_ALTO,0
63036015,180000.0,1_BAJO,1_BAJO,1
63036016,330000.0,1_BAJO,1_BAJO,0
63036019,350000.0,1_BAJO,1_BAJO,0
63041003,625000.0,2_MEDIO,2_MEDIO,0
63041005,300000.0,1_BAJO,1_BAJO,1
63041011,700000.0,2_MEDIO,2_MEDIO,0
63041018,475000.0,2_MEDIO,2_MEDIO,0
63046002,350000.0,1_BAJO,1_BAJO,0
63046004,800000.0,2_MEDIO,2_MEDIO,0
63046005,740000.0,2_MEDIO,2_MEDIO,0
63046012,390000.0,2_MEDIO,2_MEDIO,0
63050001,750000.0,2_MEDIO,2_MEDIO,0
63050005,825000.0,2_MEDIO,2_MEDIO,0
63050012,165000.0,1_BAJO,1_BAJO,0
63050019,350000.0,1_BAJO,1_BAJO,0
63053010,165000.0,1_BAJO,1_BAJO,0
63053017,105000.0,1_BAJO,1_BAJO,0
63053023,475000.0,2_MEDIO,2_MEDIO,0
63053024,620000.0,2_MEDIO,2_MEDIO,0
63056008,480000.0,2_MEDIO,2_MEDIO,1
63056009,210000.0,1_BAJO,1_BAJO,0
63056010,270000.0,1_BAJO,1_BAJO,0
63056012,315000.0,1_BAJO,1_BAJO,0
63060005,1150000.0,3_ALTO,3_ALTO,0
63060011,975000.0,3_ALTO,3_ALTO,0
63060029,625000.0,2_MEDIO,2_MEDIO,0
63060035,790000.0,2_MEDIO,2_MEDIO,0
63063015,475000.0,2_MEDIO,2_MEDIO,0
63063025,900000.0,2_MEDIO,2_MEDIO,0
63063902,225000.0,1_BAJO,1_BAJO,0
63063903,350000.0,1_BAJO,1_BAJO,0
63063904,750000.0,2_MEDIO,2_MEDIO,0
64001001,275000.0,1_BAJO,1_BAJO,0
64001005,390000.0,2_MEDIO,2_MEDIO,0
64001019,515000.0,2_MEDIO,2_MEDIO,0
64001027,350000.0,1_BAJO,1_BAJO,0
64004008,440000.0,2_MEDIO,2_MEDIO,0
64004011,350000.0,1_BAJO,1_BAJO,0
64004020,625000.0,2_MEDIO,2_MEDIO,0
64004901,1015000.0,3_ALTO,3_ALTO,0
64009009,800000.0,2_MEDIO,2_MEDIO,0
64009013,350000.0,1_BAJO,1_BAJO,0
64009016,1100000.0,3_ALTO,3_ALTO,0
64009020,850000.0,2_MEDIO,2_MEDIO,0
64015009,975000.0,3_ALTO,3_ALTO,0
64015010,475000.0,2_MEDIO,2_MEDIO,0
64015011,625000.0,2_MEDIO,2_MEDIO,0
64015019,700000.0,2_MEDIO,2_MEDIO,0
64020006,275000.0,1_BAJO,1_BAJO,0
64025026,1115000.0,3_ALTO,3_ALTO,0
64025035,80000.0,1_BAJO,1_BAJO,0
64029035,2400000.0,3_ALTO,3_ALTO,0
64029046,625000.0,2_MEDIO,2_MEDIO,0
64029056,350000.0,1_BAJO,1_BAJO,0
64029067,350000.0,1_BAJO,1_BAJO,0
64031033,350000.0,1_BAJO,1_BAJO,0
64031043,625000.0,2_MEDIO,2_MEDIO,0
64031052,1500001.0,3_ALTO,3_ALTO,0
64031053,1850001.0,3_ALTO,3_ALTO,0
64034010,165000.0,1_BAJO,1_BAJO,0
64034014,350000.0,1_BAJO,1_BAJO,0
64034017,450000.0,2_MEDIO,2_MEDIO,0
64034026,1300000.0,3_ALTO,3_ALTO,0
64034901,750000.0,2_MEDIO,2_MEDIO,0
64038002,975000.0,3_ALTO,3_ALTO,0
64038003,700000.0,2_MEDIO,2_MEDIO,0
64038007,475000.0,2_MEDIO,2_MEDIO,0
64038012,440000.0,2_MEDIO,2_MEDIO,0
64038013,1250000.0,3_ALTO,3_ALTO,0
64038018,700000.0,2_MEDIO,2_MEDIO,0
64038024,580000.0,2_MEDIO,2_MEDIO,0
65004010,270000.0,1_BAJO,1_BAJO,0
65004016,750000.0,2_MEDIO,2_MEDIO,0
65004020,500000.0,2_MEDIO,2_MEDIO,0
65004024,275000.0,1_BAJO,1_BAJO,0
65007903,450000.0,2_MEDIO,2_MEDIO,0
65007906,315000.0,1_BAJO,1_BAJO,0
65009003,850000.0,2_MEDIO,2_MEDIO,0
65009007,625000.0,2_MEDIO,2_MEDIO,0
65009008,450000.0,2_MEDIO,2_MEDIO,0
65009017,380000.0,2_MEDIO,2_MEDIO,0
65009018,715000.0,2_MEDIO,2_MEDIO,0
65010003,515000.0,2_MEDIO,2_MEDIO,0
65010007,380000.0,2_MEDIO,2_MEDIO,0
65010011,440000.0,2_MEDIO,2_MEDIO,0
65010012,640000.0,2_MEDIO,2_MEDIO,0
65018003,80000.0,1_BAJO,1_BAJO,0
65018004,790000.0,2_MEDIO,2_MEDIO,0
65018019,275000.0,1_BAJO,1_BAJO,0
65018024,485000.0,2_MEDIO,2_MEDIO,0
65022003,440000.0,2_MEDIO,2_MEDIO,0
65022008,390000.0,2_MEDIO,2_MEDIO,0
65022009,165000.0,1_BAJO,1_BAJO,0
65022011,80000.0,1_BAJO,1_BAJO,0
65022901,165000.0,1_BAJO,1_BAJO,0
65030009,440000.0,2_MEDIO,2_MEDIO,0
65030010,750000.0,2_MEDIO,2_MEDIO,0
65030016,1250000.0,3_ALTO,3_ALTO,0
65030020,515000.0,2_MEDIO,2_MEDIO,0
65032004,770000.0,2_MEDIO,2_MEDIO,0
65032031,165000.0,1_BAJO,1_BAJO,0
65032032,515000.0,2_MEDIO,2_MEDIO,0
65032033,350000.0,1_BAJO,1_BAJO,0
65036003,575000.0,2_MEDIO,2_MEDIO,0
65036005,500000.0,2_MEDIO,2_MEDIO,0
65036015,900000.0,2_MEDIO,2_MEDIO,0
65036022,390000.0,2_MEDIO,2_MEDIO,0
65043015,800000.0,2_MEDIO,2_MEDIO,0
65043019,1600000.0,3_ALTO,3_ALTO,0
65043022,800000.0,2_MEDIO,2_MEDIO,0
65043038,800000.0,2_MEDIO,2_MEDIO,0
65047011,640000.0,2_MEDIO,2_MEDIO,0
65047013,1075000.0,3_ALTO,3_ALTO,0
65047014,1050000.0,3_ALTO,3_ALTO,0
65047015,945000.0,2_MEDIO,2_MEDIO,0
65051006,640000.0,2_MEDIO,2_MEDIO,1
65051009,165000.0,1_BAJO,1_BAJO,0
65051011,270000.0,1_BAJO,1_BAJO,0
65051027,975000.0,3_ALTO,3_ALTO,0
65051901,700000.0,2_MEDIO,2_MEDIO,0
65053013,800000.0,2_MEDIO,2_MEDIO,0
65053024,625000.0,2_MEDIO,2_MEDIO,0
65053033,165000.0,1_BAJO,1_BAJO,0
65053041,450000.0,2_MEDIO,2_MEDIO,0
65057003,350000.0,1_BAJO,1_BAJO,0
65057007,1250000.0,3_ALTO,3_ALTO,0
65057014,800000.0,2_MEDIO,2_MEDIO,0
65057019,1500001.0,3_ALTO,3_ALTO,0
65057901,625000.0,2_MEDIO,2_MEDIO,0
65064026,665000.0,2_MEDIO,2_MEDIO,0
65064027,225000.0,1_BAJO,1_BAJO,0
65064028,105000.0,1_BAJO,1_BAJO,0
65064030,165000.0,1_BAJO,1_BAJO,0
65064901,475000.0,2_MEDIO,2_MEDIO,0
65064902,575000.0,2_MEDIO,2_MEDIO,0
