IDFolio,Factor,DiaEncuesta,DiaEncuestaHogar
107972,42.11807687693003,Jueves,4
108209,37.354868162657816,Martes,2
108285,30.594395880910554,Martes,2
108286,21.897531154244923,Martes,2
108307,56.458012880939854,Martes,2
108317,30.594395880910554,Martes,2
108325,21.897531154244923,Jueves,4
109096,35.330637301377635,Jueves,4
109099,35.330637301377635,Jueves,4
109283,20.903930903477235,Miércoles,3
109328,18.82616511900201,Jueves,4
109523,22.188527696617584,Miércoles,3
109916,42.10215108431359,Jueves,4
109939,22.188527696617584,Jueves,4
109954,50.303490982081215,Martes,2
109971,61.73973409183241,Martes,2
110541,29.188999603695578,Miércoles,3
110641,29.188999603695578,Martes,2
110666,29.188999603695578,Martes,2
110690,24.79543698600265,Martes,2
111043,46.74244670672864,Miércoles,3
111069,42.21594201941898,Miércoles,3
111092,30.73847029534615,Miércoles,3
111444,30.73847029534615,Miércoles,3
111770,30.73847029534615,Jueves,4
113749,58.95033253295382,Jueves,4
113772,58.95033253295382,Jueves,4
113783,32.742692430234264,Jueves,4
113807,39.47106210735642,Miércoles,3
113813,58.95033253295382,Jueves,4
113820,23.733514656498823,Jueves,4
113825,58.95033253295382,Martes,2
113831,32.742692430234264,Martes,2
113835,23.733514656498823,Martes,2
113837,39.47106210735642,Martes,2
113842,32.742692430234264,Martes,2
113847,23.733514656498823,Martes,2
113849,99.07227020563712,Martes,2
113850,32.742692430234264,Martes,2
113851,39.47106210735642,Martes,2
113869,32.742692430234264,Miércoles,3
113874,23.733514656498823,Miércoles,3
113875,32.742692430234264,Miércoles,3
113882,23.733514656498823,Jueves,4
113910,32.742692430234264,Jueves,4
114057,58.95033253295382,Jueves,4
115123,99.07227020563712,Miércoles,3
115132,39.47106210735642,Jueves,4
115139,39.47106210735642,Martes,2
115146,58.95033253295382,Martes,2
115150,58.95033253295382,Martes,2
115862,51.75032704981776,Martes,2
115885,25.707941132440034,Miércoles,3
115909,25.707941132440034,Miércoles,3
115912,218.3478400808707,Jueves,4
115954,25.707941132440034,Jueves,4
115979,51.75032704981776,Miércoles,3
116158,51.75032704981776,Jueves,4
116161,40.94690913382937,Jueves,4
116468,70.07377040434672,Miércoles,3
116478,26.493482972505923,Miércoles,3
116492,50.630301781718885,Jueves,4
116684,70.07377040434672,Miércoles,3
117707,41.37164578590441,Martes,2
117825,64.93651516772768,Martes,2
117842,44.93698728421096,Martes,2
118730,39.715084539973475,Miércoles,3
118735,38.055462319554636,Jueves,4
119003,38.055462319554636,Martes,2
119629,33.765546455139216,Martes,2
119692,56.0789661513505,Martes,2
120509,63.61002617345468,Jueves,4
121192,29.02546536776762,Jueves,4
121193,63.61002617345468,Jueves,4
121200,63.61002617345468,Miércoles,3
121217,29.02546536776762,Miércoles,3
121229,29.02546536776762,Jueves,4
121230,55.15207421415311,Martes,2
121693,29.02546536776762,Jueves,4
123376,63.61002617345468,Jueves,4
126306,65.15043788280086,Martes,2
126328,32.95113733039413,Martes,2
126393,32.95113733039413,Martes,2
126394,38.169945420876815,Jueves,4
126409,32.95113733039413,Jueves,4
126513,38.169945420876815,Martes,2
126795,32.95113733039413,Jueves,4
126955,40.23238097518763,Miércoles,3
127763,26.161992237386407,Miércoles,3
127858,95.82909641727764,Miércoles,3
127861,26.161992237386407,Miércoles,3
127868,26.161992237386407,Miércoles,3
127921,26.161992237386407,Martes,2
128215,36.12667487182033,Miércoles,3
128352,31.703789388050787,Jueves,4
129025,36.12667487182033,Miércoles,3
129062,67.55828141519322,Miércoles,3
129227,36.12667487182033,Miércoles,3
129296,25.732872724648992,Miércoles,3
131479,33.09888411851159,Miércoles,3
131544,45.809792253660106,Miércoles,3
132403,39.977018835372256,Miércoles,3
132408,31.631401210615877,Miércoles,3
132409,67.4692989450899,Martes,2
132413,33.09888411851159,Miércoles,3
132417,53.8837006790753,Jueves,4
132419,53.8837006790753,Jueves,4
132430,31.631401210615877,Jueves,4
132444,33.09888411851159,Jueves,4
133116,62.75905923815763,Jueves,4
133142,62.75905923815763,Martes,2
133169,41.886730849058,Martes,2
200001,60.344738973725384,Martes,2
200075,11.202076731005342,Miércoles,3
200077,11.202076731005342,Miércoles,3
200114,40.99589205698053,Martes,2
200123,23.715030093437004,Miércoles,3
200124,28.522841927943443,Miércoles,3
200129,41.61892993018691,Miércoles,3
200171,60.16256669843305,Jueves,4
200176,23.830490583841428,Jueves,4
200250,69.449501043917,Martes,2
200291,37.88638242282825,Miércoles,3
200301,24.256941196835488,Miércoles,3
200373,37.88638242282825,Jueves,4
200408,60.57419269358444,Jueves,4
200526,64.76581926733482,Martes,2
200587,115.75479288705515,Miércoles,3
200588,25.856899941215943,Jueves,4
200602,25.856899941215943,Martes,2
200643,36.28209527916209,Miércoles,3
200850,41.432018568225004,Martes,2
200908,41.432018568225004,Martes,2
200909,91.96766698911793,Martes,2
200980,31.650323958884655,Martes,2
201012,31.650323958884655,Miércoles,3
201113,64.08103876311701,Martes,2
201116,33.031011472785565,Martes,2
201274,49.693500766941746,Martes,2
201289,45.96078395396018,Miércoles,3
201290,31.61696463049555,Miércoles,3
201295,45.96078395396018,Miércoles,3
201342,31.61696463049555,Jueves,4
201346,37.04377777094175,Martes,2
201354,37.04377777094175,Martes,2
201360,82.0558864186193,Martes,2
201383,37.04377777094175,Martes,2
201384,45.96078395396018,Martes,2
201393,49.693500766941746,Miércoles,3
201628,35.72083806383308,Miércoles,3
202033,15.40631293622216,Martes,2
202040,15.40631293622216,Martes,2
202067,15.40631293622216,Martes,2
202140,30.840285321162852,Martes,2
202174,23.199734042302932,Martes,2
202175,23.199734042302932,Martes,2
202176,23.199734042302932,Martes,2
202177,23.199734042302932,Martes,2
202235,96.44592785719976,Martes,2
202271,32.99921208746341,Martes,2
202335,63.383719634196844,Martes,2
202344,30.24541626513052,Miércoles,3
202346,32.99921208746341,Miércoles,3
202378,32.99921208746341,Martes,2
202380,63.383719634196844,Martes,2
202384,33.07435925687059,Martes,2
202543,102.17144465886506,Martes,2
202618,20.691342269916426,Miércoles,3
202655,20.691342269916426,Miércoles,3
202703,22.70586426823953,Martes,2
202745,20.691342269916426,Miércoles,3
202819,10.925482243820024,Martes,2
202904,10.925482243820024,Martes,2
202992,10.925482243820024,Martes,2
203040,21.96446339092537,Jueves,4
203276,10.925482243820024,Jueves,4
203277,10.925482243820024,Jueves,4
203291,21.96446339092537,Martes,2
203374,29.386546864853763,Martes,2
203376,76.89326743751813,Martes,2
203395,36.15205192690704,Martes,2
203414,46.18787433370046,Martes,2
203612,29.44981761837696,Martes,2
203636,67.85784752279778,Martes,2
203660,33.34300898129349,Martes,2
203691,30.570391645326918,Martes,2
203696,57.993146776189654,Martes,2
203757,29.44981761837696,Martes,2
203764,30.570391645326918,Jueves,4
203767,29.44981761837696,Martes,2
203967,22.89809896559825,Miércoles,3
204054,22.89809896559825,Martes,2
204131,29.83269111784491,Miércoles,3
204134,29.83269111784491,Miércoles,3
204161,20.408261079648486,Miércoles,3
204169,26.87963395833287,Miércoles,3
204177,29.83269111784491,Miércoles,3
204195,20.408261079648486,Miércoles,3
204196,26.87963395833287,Martes,2
204211,20.408261079648486,Martes,2
204222,20.408261079648486,Miércoles,3
204224,130.91030793676168,Miércoles,3
204231,29.83269111784491,Miércoles,3
204242,29.83269111784491,Miércoles,3
204243,29.83269111784491,Miércoles,3
204515,20.408261079648486,Martes,2
204517,26.87963395833287,Miércoles,3
204520,26.87963395833287,Jueves,4
204531,20.408261079648486,Miércoles,3
204714,49.629437960607355,Martes,2
204716,22.561715560017575,Jueves,4
204720,28.858024829668075,Jueves,4
204818,28.858024829668075,Jueves,4
204819,22.561715560017575,Jueves,4
204865,109.43416724545854,Jueves,4
204870,54.27142567444559,Miércoles,3
204975,76.01738489476462,Miércoles,3
204982,22.28690233135123,Miércoles,3
204999,32.683284024377606,Jueves,4
205155,22.28690233135123,Martes,2
205304,76.01738489476462,Martes,2
205305,45.66175346299284,Miércoles,3
205306,45.66175346299284,Miércoles,3
205329,22.28690233135123,Miércoles,3
205747,39.83661357413377,Martes,2
205800,28.468160907044098,Miércoles,3
205803,34.591531699846314,Miércoles,3
205982,26.868624520755763,Jueves,4
206216,41.24023803933078,Jueves,4
206228,37.15797875802915,Miércoles,3
206457,80.30304536560934,Miércoles,3
206545,25.499240956137925,Martes,2
206560,26.611598720558447,Miércoles,3
206872,36.3548879094201,Martes,2
206874,41.34239426899533,Martes,2
206879,40.31534299547816,Miércoles,3
206881,27.348116979239393,Martes,2
206888,40.31534299547816,Jueves,4
206939,27.348116979239393,Jueves,4
206940,36.3548879094201,Jueves,4
206943,40.31534299547816,Jueves,4
206944,41.34239426899533,Jueves,4
206964,27.348116979239393,Miércoles,3
206998,27.348116979239393,Jueves,4
207004,41.681592664200174,Martes,2
207020,27.348116979239393,Martes,2
207103,41.34239426899533,Miércoles,3
207105,27.348116979239393,Jueves,4
207112,41.34239426899533,Jueves,4
207114,36.3548879094201,Miércoles,3
207115,36.3548879094201,Martes,2
207123,41.34239426899533,Miércoles,3
207127,36.3548879094201,Jueves,4
207128,36.3548879094201,Miércoles,3
207254,41.681592664200174,Miércoles,3
207463,22.446384106675634,Jueves,4
207464,11.962711570764966,Miércoles,3
207470,22.446384106675634,Martes,2
207472,118.92556352156534,Martes,2
207477,22.446384106675634,Martes,2
207478,22.446384106675634,Miércoles,3
207480,90.72896613481306,Miércoles,3
207484,11.962711570764966,Miércoles,3
207569,170.03968850953433,Martes,2
207602,42.423626644076045,Martes,2
207605,53.78062921517566,Martes,2
207630,42.423626644076045,Miércoles,3
207740,42.423626644076045,Martes,2
207742,54.05504427367595,Jueves,4
207770,24.440969219304122,Jueves,4
207792,24.440969219304122,Miércoles,3
207806,28.06335541664223,Miércoles,3
207819,74.61136291823928,Miércoles,3
207826,74.61136291823928,Jueves,4
207885,74.61136291823928,Martes,2
207976,42.423626644076045,Martes,2
207987,53.78062921517566,Miércoles,3
208141,27.07649298381657,Jueves,4
208152,32.02534288201309,Jueves,4
208156,79.88144787096319,Jueves,4
208188,27.07649298381657,Jueves,4
208195,24.25573869918983,Miércoles,3
208306,36.60765651487291,Miércoles,3
208314,27.07649298381657,Miércoles,3
208344,32.02534288201309,Martes,2
208528,36.60765651487291,Miércoles,3
208540,24.25573869918983,Miércoles,3
208550,79.88144787096319,Miércoles,3
208569,27.07649298381657,Miércoles,3
208653,32.02534288201309,Jueves,4
208698,27.07649298381657,Jueves,4
209523,23.276694942990765,Martes,2
209559,36.79728198978337,Jueves,4
209603,53.50504640132082,Jueves,4
209671,23.761419075206017,Martes,2
209672,33.83127825589364,Martes,2
209886,39.50838913470026,Martes,2
209958,38.976773152530924,Martes,2
210486,51.029011424886065,Jueves,4
210528,27.164451271798647,Jueves,4
210555,31.109571015562814,Martes,2
210728,30.30539885583375,Martes,2
210832,42.76600599562083,Martes,2
210976,31.369346416193125,Jueves,4
210978,31.369346416193125,Martes,2
211078,54.10460890924299,Jueves,4
211090,42.67919066000421,Jueves,4
211116,50.04055263994361,Jueves,4
211169,42.76600599562083,Jueves,4
211241,26.122574181950068,Jueves,4
211242,30.10519003333281,Miércoles,3
211248,105.58823804513894,Martes,2
211281,39.27309238102851,Jueves,4
211286,30.10519003333281,Miércoles,3
211311,26.122574181950068,Miércoles,3
211339,133.21481989062832,Miércoles,3
211349,40.00941542440374,Miércoles,3
212017,64.09212832593833,Miércoles,3
212379,64.09212832593833,Jueves,4
212402,40.00941542440374,Jueves,4
212445,40.00941542440374,Martes,2
213412,27.084164121013576,Jueves,4
214502,79.24432057859333,Miércoles,3
214706,38.45458867787065,Martes,2
217127,36.58381542037807,Martes,2
217855,34.193993478284824,Miércoles,3
217876,35.2105403772069,Jueves,4
217883,35.2105403772069,Jueves,4
217885,36.74653582293018,Jueves,4
217952,31.363267823029176,Jueves,4
217982,34.193993478284824,Jueves,4
218013,35.2105403772069,Jueves,4
218250,32.562855404667346,Miércoles,3
218787,64.36772157197375,Miércoles,3
218806,44.200615325705726,Jueves,4
218845,45.1117145381881,Jueves,4
218919,48.65986400652651,Martes,2
218951,78.13799067601886,Miércoles,3
218976,21.245591476337932,Martes,2
218977,78.13799067601886,Martes,2
230072,43.129502504193866,Jueves,4
500009,39.48257831571674,Martes,2
500018,37.43085051542747,Martes,2
500038,34.98911663580374,Miércoles,3
500042,34.98911663580374,Miércoles,3
500043,67.05396829197937,Miércoles,3
500045,23.32226719114431,Martes,2
500046,36.9603866332369,Martes,2
500051,36.9603866332369,Martes,2
500096,54.32677867034939,Martes,2
500213,29.127117460164275,Martes,2
500225,54.40824408573832,Martes,2
500228,29.127117460164275,Martes,2
500913,22.209929881479297,Miércoles,3
500916,22.209929881479297,Miércoles,3
500951,39.52337388638605,Miércoles,3
500959,56.64828071235735,Miércoles,3
500981,22.209929881479297,Miércoles,3
501049,56.64828071235735,Miércoles,3
501055,22.209929881479297,Miércoles,3
501773,27.52376005931139,Jueves,4
501776,47.96371775348965,Jueves,4
501790,41.55988360953953,Jueves,4
502155,42.43613866574628,Jueves,4
502156,21.425099004623142,Jueves,4
502161,21.425099004623142,Jueves,4
502170,42.43613866574628,Jueves,4
502182,30.11563451174941,Jueves,4
502189,44.769539002504786,Jueves,4
502931,69.04860207771857,Martes,2
502941,59.34518998485905,Martes,2
502942,16.259353853317833,Martes,2
503113,57.203828583003556,Jueves,4
503114,23.30389268429253,Jueves,4
503134,23.30389268429253,Jueves,4
503135,28.606587485703052,Jueves,4
503136,32.89340334323082,Jueves,4
503155,45.956187394857494,Martes,2
503156,35.264621491203776,Martes,2
503230,35.264621491203776,Miércoles,3
503232,34.594369900676234,Miércoles,3
503235,28.12730946247961,Miércoles,3
503578,103.038815919611,Jueves,4
503580,19.74660168598448,Jueves,4
503590,42.70325258700456,Martes,2
503609,33.73128970867012,Miércoles,3
503613,33.73128970867012,Miércoles,3
503653,25.57422511136024,Miércoles,3
503658,25.57422511136024,Miércoles,3
503659,33.73128970867012,Miércoles,3
503665,42.70325258700456,Miércoles,3
503678,25.57422511136024,Jueves,4
503679,42.70325258700456,Jueves,4
503684,115.95837451253105,Jueves,4
503725,42.3781031283284,Miércoles,3
503729,25.87121611265347,Miércoles,3
503730,14.663123486745864,Jueves,4
503732,150.6428418960823,Martes,2
503735,25.87121611265347,Martes,2
503989,36.80743242591307,Miércoles,3
503990,45.17541518914567,Miércoles,3
503993,38.9652193696699,Miércoles,3
504130,35.796279967623136,Jueves,4
504431,29.651958700544878,Miércoles,3
507475,37.354868162657816,Jueves,4
507565,51.97858271880556,Miércoles,3
507622,56.458012880939854,Jueves,4
507654,56.458012880939854,Jueves,4
507662,51.97858271880556,Jueves,4
508973,22.188527696617584,Jueves,4
509199,42.10215108431359,Martes,2
509226,48.776170322816746,Miércoles,3
509229,61.73973409183241,Martes,2
509259,72.69141975379598,Miércoles,3
509266,42.10215108431359,Miércoles,3
509300,22.188527696617584,Martes,2
509318,22.188527696617584,Miércoles,3
509445,72.69141975379598,Miércoles,3
509624,48.776170322816746,Jueves,4
509626,50.303490982081215,Jueves,4
509630,50.303490982081215,Miércoles,3
509675,38.014848165531625,Jueves,4
509681,110.67637363793804,Martes,2
509746,29.188999603695578,Jueves,4
509759,24.79543698600265,Miércoles,3
509760,29.188999603695578,Miércoles,3
509761,60.597602164613,Martes,2
509799,24.79543698600265,Jueves,4
509801,24.79543698600265,Jueves,4
509805,66.47234248184746,Jueves,4
509984,24.79543698600265,Martes,2
509985,29.188999603695578,Martes,2
509995,24.79543698600265,Jueves,4
510097,47.00618436821126,Miércoles,3
510195,30.73847029534615,Jueves,4
510410,33.992435177382404,Jueves,4
510454,30.941191685675605,Miércoles,3
510644,46.74244670672864,Jueves,4
511268,39.47106210735642,Jueves,4
511414,23.733514656498823,Martes,2
511563,32.742692430234264,Jueves,4
511566,83.20583147467363,Jueves,4
511587,83.20583147467363,Jueves,4
511591,32.742692430234264,Jueves,4
512081,40.740649799560316,Jueves,4
512216,23.733514656498823,Martes,2
514707,28.535135396980486,Martes,2
514726,28.535135396980486,Miércoles,3
514737,25.707941132440034,Miércoles,3
514740,25.707941132440034,Miércoles,3
514742,28.535135396980486,Miércoles,3
514750,25.707941132440034,Miércoles,3
514770,51.75032704981776,Miércoles,3
515025,88.95129502928995,Jueves,4
515043,40.94690913382937,Jueves,4
516985,26.428532559524683,Jueves,4
516993,31.372275641302476,Jueves,4
518242,39.715084539973475,Jueves,4
518250,33.765546455139216,Jueves,4
518255,33.765546455139216,Miércoles,3
518264,38.055462319554636,Miércoles,3
518647,39.715084539973475,Martes,2
518652,39.715084539973475,Martes,2
518653,71.76824598163579,Martes,2
518880,54.376289818535746,Martes,2
518899,31.720469599585535,Jueves,4
518904,29.02546536776762,Miércoles,3
518919,34.44891103698015,Jueves,4
518926,31.720469599585535,Martes,2
518927,31.720469599585535,Martes,2
518954,63.61002617345468,Martes,2
519176,55.15207421415311,Martes,2
519278,31.720469599585535,Martes,2
519484,29.02546536776762,Martes,2
519489,34.44891103698015,Martes,2
519561,29.02546536776762,Miércoles,3
519599,140.13113472049412,Martes,2
519765,101.75784965868273,Martes,2
519795,34.44891103698015,Martes,2
520602,55.15207421415311,Martes,2
520945,34.44891103698015,Martes,2
521013,29.02546536776762,Martes,2
521019,29.02546536776762,Martes,2
521029,29.02546536776762,Miércoles,3
522301,29.02546536776762,Martes,2
522306,55.15207421415311,Martes,2
522317,29.02546536776762,Martes,2
522471,31.720469599585535,Jueves,4
524345,40.23238097518763,Martes,2
524421,38.169945420876815,Martes,2
524479,40.81904557102789,Martes,2
524480,40.23238097518763,Martes,2
524482,40.23238097518763,Martes,2
524490,38.169945420876815,Martes,2
524613,65.15043788280086,Miércoles,3
524614,32.95113733039413,Martes,2
524635,40.81904557102789,Miércoles,3
524779,40.81904557102789,Miércoles,3
524942,38.169945420876815,Miércoles,3
524962,40.23238097518763,Miércoles,3
524968,32.95113733039413,Miércoles,3
525206,40.23238097518763,Miércoles,3
525208,38.169945420876815,Miércoles,3
525307,40.23238097518763,Martes,2
525308,38.27323180430261,Martes,2
525500,38.27323180430261,Martes,2
525519,38.169945420876815,Miércoles,3
525692,38.169945420876815,Jueves,4
525731,38.169945420876815,Martes,2
525733,38.169945420876815,Martes,2
525741,40.23238097518763,Martes,2
526156,40.23238097518763,Martes,2
526171,38.27323180430261,Martes,2
526172,38.27323180430261,Martes,2
526264,40.81904557102789,Martes,2
526271,32.95113733039413,Martes,2
526356,26.808741698541326,Martes,2
526361,54.702347405444314,Martes,2
526363,55.65831357569154,Martes,2
526411,26.808741698541326,Martes,2
526412,55.65831357569154,Martes,2
526422,44.04653572280536,Martes,2
526430,63.091330648753434,Martes,2
526440,44.04653572280536,Martes,2
526444,44.04653572280536,Martes,2
526450,63.091330648753434,Martes,2
526505,26.808741698541326,Miércoles,3
526530,26.808741698541326,Martes,2
526549,55.65831357569154,Miércoles,3
526550,26.808741698541326,Miércoles,3
526593,44.04653572280536,Miércoles,3
526601,55.65831357569154,Miércoles,3
526623,26.808741698541326,Miércoles,3
526635,54.702347405444314,Miércoles,3
526670,26.161992237386407,Martes,2
526671,33.33608750340356,Miércoles,3
526677,95.82909641727764,Miércoles,3
526678,47.39790257127969,Miércoles,3
526720,26.161992237386407,Martes,2
526725,47.39790257127969,Martes,2
526736,33.33608750340356,Martes,2
526739,26.161992237386407,Martes,2
526744,33.33608750340356,Martes,2
526754,33.33608750340356,Martes,2
526761,33.33608750340356,Martes,2
526765,54.31340638457907,Martes,2
526803,26.161992237386407,Martes,2
526822,33.33608750340356,Martes,2
526840,31.906916671500312,Martes,2
526858,47.39790257127969,Jueves,4
526887,72.18706903467269,Jueves,4
526901,54.76227751172435,Jueves,4
526907,38.648428968290474,Jueves,4
526917,22.6098917565134,Miércoles,3
526918,38.648428968290474,Miércoles,3
526927,38.648428968290474,Miércoles,3
526946,28.809936307545932,Miércoles,3
526953,72.18706903467269,Martes,2
526963,28.809936307545932,Martes,2
526964,72.18706903467269,Miércoles,3
527063,38.648428968290474,Miércoles,3
527071,28.809936307545932,Jueves,4
527086,40.86453780803458,Jueves,4
527099,39.949530315930055,Martes,2
527102,36.77989819590393,Martes,2
527245,36.12667487182033,Jueves,4
527272,31.703789388050787,Jueves,4
527273,59.66541491839098,Jueves,4
527274,143.7509784682764,Jueves,4
527275,31.703789388050787,Jueves,4
527284,46.03326779575274,Jueves,4
527290,36.12667487182033,Jueves,4
527291,31.703789388050787,Jueves,4
527410,36.12667487182033,Martes,2
528545,46.03326779575274,Miércoles,3
528547,25.732872724648992,Miércoles,3
528552,59.66541491839098,Miércoles,3
528655,36.12667487182033,Miércoles,3
528658,36.12667487182033,Miércoles,3
528676,67.55828141519322,Jueves,4
528893,36.12667487182033,Jueves,4
528907,46.03326779575274,Martes,2
530401,39.977018835372256,Martes,2
531828,35.51578374487073,Jueves,4
531837,41.886730849058,Jueves,4
531851,41.886730849058,Jueves,4
531854,41.886730849058,Jueves,4
531864,30.523236645879145,Jueves,4
531867,58.5941389284433,Jueves,4
531894,34.30608348483727,Miércoles,3
531902,56.20299050160601,Miércoles,3
531934,41.886730849058,Miércoles,3
531940,35.51578374487073,Miércoles,3
531946,34.30608348483727,Miércoles,3
531972,35.51578374487073,Martes,2
531974,41.886730849058,Martes,2
531980,34.30608348483727,Martes,2
600019,43.78991119076895,Martes,2
600032,60.344738973725384,Miércoles,3
600046,11.202076731005342,Martes,2
600055,23.715030093437004,Martes,2
600057,121.18335368464324,Martes,2
600166,24.256941196835488,Miércoles,3
600180,24.256941196835488,Miércoles,3
600191,24.256941196835488,Jueves,4
600281,72.09724824745284,Martes,2
600282,24.256941196835488,Miércoles,3
600287,69.449501043917,Martes,2
600292,23.008150623162198,Miércoles,3
600335,24.87997907004188,Jueves,4
600340,73.54491272249373,Martes,2
600344,24.87997907004188,Martes,2
600349,24.87997907004188,Martes,2
600355,24.87997907004188,Jueves,4
600370,73.54491272249373,Martes,2
600371,38.94798400039085,Miércoles,3
600401,41.42002445600122,Miércoles,3
600403,41.42002445600122,Miércoles,3
600404,73.54491272249373,Miércoles,3
600414,24.87997907004188,Jueves,4
600430,25.856899941215943,Jueves,4
600438,52.148269987374924,Jueves,4
600474,44.238380801947116,Jueves,4
600500,25.856899941215943,Martes,2
600567,28.826276416538587,Jueves,4
600573,28.826276416538587,Jueves,4
600577,105.44273560320732,Jueves,4
600618,28.760781177147013,Jueves,4
600619,28.760781177147013,Martes,2
600623,41.432018568225004,Miércoles,3
600655,28.760781177147013,Jueves,4
600656,28.826276416538587,Jueves,4
600673,28.760781177147013,Jueves,4
600690,58.12597541392167,Miércoles,3
600692,28.826276416538587,Miércoles,3
600694,28.826276416538587,Jueves,4
600816,23.493381441416364,Martes,2
600828,70.0487873424356,Jueves,4
600835,61.473124776936714,Martes,2
600838,33.031011472785565,Jueves,4
600906,33.031011472785565,Jueves,4
600913,73.16718457989222,Martes,2
600987,37.04377777094175,Martes,2
601082,30.799676513013495,Martes,2
601287,35.72083806383308,Jueves,4
601293,68.18101700658517,Martes,2
601330,64.4318008884717,Martes,2
601991,37.049985526673375,Martes,2
602007,37.049985526673375,Martes,2
602029,23.199734042302932,Martes,2
602081,33.07435925687059,Jueves,4
602097,33.07435925687059,Miércoles,3
602100,33.07435925687059,Jueves,4
602108,30.24541626513052,Jueves,4
602129,63.383719634196844,Miércoles,3
602164,52.760398430599224,Martes,2
602168,32.99921208746341,Martes,2
602224,56.41724604857579,Jueves,4
602225,22.70586426823953,Jueves,4
602369,59.479348962103465,Jueves,4
602372,59.479348962103465,Jueves,4
602377,45.833511950308704,Jueves,4
602569,10.925482243820024,Jueves,4
603026,40.07768003632515,Jueves,4
603037,32.03224773733864,Jueves,4
603053,29.386546864853763,Jueves,4
603079,29.44981761837696,Miércoles,3
603091,57.993146776189654,Miércoles,3
603133,121.14971395005777,Martes,2
603134,30.570391645326918,Martes,2
603159,63.662962244752464,Jueves,4
603193,29.44981761837696,Miércoles,3
603204,29.44981761837696,Miércoles,3
603223,63.662962244752464,Miércoles,3
603227,33.34300898129349,Jueves,4
603232,29.44981761837696,Jueves,4
603235,30.570391645326918,Jueves,4
603243,63.662962244752464,Miércoles,3
603248,30.570391645326918,Miércoles,3
603264,63.662962244752464,Miércoles,3
603268,33.34300898129349,Martes,2
603288,30.570391645326918,Martes,2
603292,43.93242438126787,Miércoles,3
603517,20.408261079648486,Jueves,4
603524,26.87963395833287,Jueves,4
603530,26.87963395833287,Jueves,4
603531,20.408261079648486,Jueves,4
603535,119.71318102319027,Jueves,4
603555,130.91030793676168,Jueves,4
603561,119.71318102319027,Jueves,4
603564,26.87963395833287,Jueves,4
603595,20.408261079648486,Miércoles,3
603598,20.408261079648486,Miércoles,3
603606,130.91030793676168,Jueves,4
603617,20.408261079648486,Jueves,4
603647,26.87963395833287,Jueves,4
603652,20.408261079648486,Jueves,4
603660,26.87963395833287,Miércoles,3
603686,20.408261079648486,Jueves,4
603720,20.408261079648486,Jueves,4
603734,20.408261079648486,Jueves,4
603738,113.13025504836314,Jueves,4
603798,20.408261079648486,Miércoles,3
603826,52.00289448362678,Martes,2
603840,54.27142567444559,Martes,2
603852,28.858024829668075,Martes,2
603874,52.00289448362678,Martes,2
603900,22.561715560017575,Miércoles,3
603926,22.561715560017575,Martes,2
603963,22.28690233135123,Jueves,4
603971,45.66175346299284,Jueves,4
603999,22.28690233135123,Jueves,4
604005,76.01738489476462,Jueves,4
604007,47.65366397079912,Jueves,4
604009,22.28690233135123,Martes,2
604015,45.66175346299284,Jueves,4
604030,47.65366397079912,Jueves,4
604036,22.28690233135123,Jueves,4
604048,47.65366397079912,Miércoles,3
604055,22.28690233135123,Jueves,4
604057,32.683284024377606,Martes,2
604062,32.683284024377606,Jueves,4
604085,45.66175346299284,Martes,2
604091,22.28690233135123,Jueves,4
604093,47.65366397079912,Martes,2
604101,47.65366397079912,Jueves,4
604103,32.683284024377606,Jueves,4
604125,22.28690233135123,Jueves,4
604144,72.06746876508029,Jueves,4
604153,45.66175346299284,Martes,2
604167,72.06746876508029,Martes,2
604175,22.28690233135123,Jueves,4
604181,45.66175346299284,Martes,2
604184,72.06746876508029,Martes,2
604193,32.683284024377606,Jueves,4
604197,32.683284024377606,Jueves,4
604213,22.28690233135123,Jueves,4
604248,32.683284024377606,Martes,2
604254,22.28690233135123,Martes,2
604267,72.06746876508029,Martes,2
604295,29.143420757698504,Miércoles,3
604301,39.74610210796706,Jueves,4
604302,39.83661357413377,Miércoles,3
604325,39.83661357413377,Miércoles,3
604335,39.83661357413377,Martes,2
604351,39.74610210796706,Jueves,4
604424,32.718388884381326,Miércoles,3
604427,36.206319216928186,Miércoles,3
604438,39.74610210796706,Miércoles,3
604449,39.774737825496004,Martes,2
604466,28.468160907044098,Martes,2
604481,28.468160907044098,Martes,2
604547,28.468160907044098,Martes,2
604548,34.591531699846314,Martes,2
604549,28.468160907044098,Martes,2
604571,39.774737825496004,Jueves,4
604575,42.17709424128292,Jueves,4
604581,39.774737825496004,Jueves,4
604586,34.591531699846314,Jueves,4
604609,34.591531699846314,Jueves,4
604611,62.8784390317926,Jueves,4
604660,26.868624520755763,Miércoles,3
604829,48.4736595530741,Miércoles,3
604873,86.4563425140879,Jueves,4
604884,25.499240956137925,Jueves,4
604889,80.30304536560934,Jueves,4
604957,59.12254229764625,Jueves,4
604975,59.12254229764625,Jueves,4
605012,26.611598720558447,Jueves,4
605035,59.48661600070668,Miércoles,3
605053,25.499240956137925,Miércoles,3
605056,25.499240956137925,Martes,2
605059,25.499240956137925,Martes,2
605063,25.499240956137925,Miércoles,3
605067,80.30304536560934,Miércoles,3
605079,59.48661600070668,Miércoles,3
605090,26.611598720558447,Jueves,4
605099,26.611598720558447,Jueves,4
605102,25.499240956137925,Jueves,4
605108,25.499240956137925,Jueves,4
605120,59.48661600070668,Jueves,4
605122,26.611598720558447,Jueves,4
605125,86.4563425140879,Jueves,4
605135,26.611598720558447,Miércoles,3
605140,26.611598720558447,Miércoles,3
605147,26.611598720558447,Miércoles,3
605148,25.499240956137925,Miércoles,3
605154,80.30304536560934,Miércoles,3
605164,25.499240956137925,Jueves,4
605168,26.611598720558447,Miércoles,3
605183,59.48661600070668,Miércoles,3
605195,59.48661600070668,Miércoles,3
605215,26.611598720558447,Jueves,4
605220,26.611598720558447,Miércoles,3
605226,25.499240956137925,Miércoles,3
605250,25.499240956137925,Martes,2
605255,80.30304536560934,Martes,2
605262,26.611598720558447,Jueves,4
605268,26.611598720558447,Martes,2
605284,80.30304536560934,Jueves,4
605394,36.3548879094201,Miércoles,3
605401,36.3548879094201,Miércoles,3
605413,41.681592664200174,Miércoles,3
605417,27.348116979239393,Miércoles,3
605442,40.31534299547816,Miércoles,3
605466,41.681592664200174,Jueves,4
605474,27.348116979239393,Jueves,4
605527,41.681592664200174,Martes,2
605594,27.348116979239393,Miércoles,3
605641,41.681592664200174,Jueves,4
605657,41.34239426899533,Jueves,4
605710,41.34239426899533,Miércoles,3
605715,41.681592664200174,Miércoles,3
605734,40.31534299547816,Miércoles,3
605747,27.348116979239393,Miércoles,3
605775,27.348116979239393,Martes,2
605789,40.31534299547816,Martes,2
605828,11.962711570764966,Miércoles,3
605879,11.962711570764966,Miércoles,3
605913,118.92556352156534,Miércoles,3
605989,24.440969219304122,Jueves,4
606000,53.78062921517566,Martes,2
606009,28.06335541664223,Jueves,4
606015,28.06335541664223,Jueves,4
606025,53.78062921517566,Jueves,4
606039,24.440969219304122,Jueves,4
606069,28.06335541664223,Jueves,4
606079,53.78062921517566,Jueves,4
606081,53.78062921517566,Jueves,4
606112,24.440969219304122,Jueves,4
606120,28.06335541664223,Jueves,4
606125,24.440969219304122,Jueves,4
606146,28.06335541664223,Martes,2
606150,28.06335541664223,Martes,2
606223,24.440969219304122,Martes,2
606237,42.423626644076045,Miércoles,3
606258,24.440969219304122,Miércoles,3
606265,28.06335541664223,Miércoles,3
606281,24.440969219304122,Miércoles,3
606291,28.06335541664223,Jueves,4
606306,28.06335541664223,Martes,2
606308,54.05504427367595,Martes,2
606352,24.440969219304122,Jueves,4
606359,54.05504427367595,Martes,2
606392,42.423626644076045,Miércoles,3
606393,18.998797447846844,Martes,2
606408,85.05280480948501,Martes,2
606499,36.60765651487291,Jueves,4
606500,36.60765651487291,Jueves,4
606508,79.88144787096319,Jueves,4
606529,27.07649298381657,Miércoles,3
606544,27.07649298381657,Martes,2
606545,24.25573869918983,Martes,2
606546,27.07649298381657,Martes,2
606651,152.01326200119337,Jueves,4
606665,32.02534288201309,Jueves,4
606740,127.71750445782016,Jueves,4
606748,36.60765651487291,Jueves,4
606749,32.02534288201309,Jueves,4
606750,27.07649298381657,Jueves,4
606753,27.07649298381657,Jueves,4
606765,36.60765651487291,Jueves,4
606781,27.07649298381657,Jueves,4
606798,32.02534288201309,Jueves,4
606802,32.02534288201309,Jueves,4
606812,32.02534288201309,Jueves,4
606816,45.232549594783976,Martes,2
606818,24.62908010534987,Miércoles,3
606820,47.098482258515936,Miércoles,3
606839,34.53447791635873,Miércoles,3
606842,45.232549594783976,Miércoles,3
606862,24.62908010534987,Jueves,4
606870,47.098482258515936,Jueves,4
606877,45.232549594783976,Jueves,4
606890,45.232549594783976,Jueves,4
606893,34.53447791635873,Jueves,4
606897,45.232549594783976,Jueves,4
606904,24.62908010534987,Jueves,4
606920,24.62908010534987,Jueves,4
606926,45.232549594783976,Jueves,4
606953,44.81387177024894,Jueves,4
606954,44.81387177024894,Jueves,4
606957,34.53447791635873,Jueves,4
606959,24.62908010534987,Jueves,4
607019,24.62908010534987,Jueves,4
607029,150.60569827240514,Jueves,4
607149,23.276694942990765,Jueves,4
607445,23.761419075206017,Jueves,4
607451,39.50838913470026,Jueves,4
607461,134.0629066955064,Martes,2
607463,38.976773152530924,Martes,2
607469,39.50838913470026,Martes,2
607509,43.02032814732913,Jueves,4
607521,33.83127825589364,Martes,2
607557,43.02032814732913,Martes,2
607727,31.109571015562814,Martes,2
607745,30.30539885583375,Martes,2
607774,30.30539885583375,Miércoles,3
607798,51.029011424886065,Miércoles,3
607799,51.029011424886065,Martes,2
607831,27.164451271798647,Martes,2
607852,171.4934793415253,Martes,2
607901,30.30539885583375,Miércoles,3
607904,31.109571015562814,Miércoles,3
607929,27.164451271798647,Martes,2
607930,30.30539885583375,Martes,2
607976,30.30539885583375,Miércoles,3
607985,67.834797982199,Miércoles,3
608127,54.10460890924299,Martes,2
608130,42.67919066000421,Jueves,4
608132,50.04055263994361,Martes,2
608136,31.369346416193125,Jueves,4
608155,54.10460890924299,Jueves,4
608161,42.67919066000421,Jueves,4
608166,50.04055263994361,Martes,2
608169,54.10460890924299,Martes,2
608171,42.76600599562083,Martes,2
608175,42.67919066000421,Martes,2
608235,31.369346416193125,Jueves,4
608236,31.369346416193125,Jueves,4
608252,42.76600599562083,Jueves,4
608264,34.423485563092186,Miércoles,3
608266,43.129502504193866,Miércoles,3
608281,34.423485563092186,Miércoles,3
608284,34.423485563092186,Miércoles,3
608336,34.423485563092186,Martes,2
608338,31.369346416193125,Martes,2
608365,31.369346416193125,Martes,2
608370,50.04055263994361,Martes,2
608375,31.369346416193125,Martes,2
608383,34.423485563092186,Martes,2
608458,30.10519003333281,Miércoles,3
608463,39.27309238102851,Miércoles,3
608485,26.122574181950068,Miércoles,3
608504,39.27309238102851,Miércoles,3
608511,26.122574181950068,Miércoles,3
608533,26.122574181950068,Miércoles,3
608665,27.084164121013576,Miércoles,3
609584,40.00941542440374,Miércoles,3
609589,29.09207735618745,Miércoles,3
609645,64.09212832593833,Jueves,4
609647,27.084164121013576,Jueves,4
609660,27.084164121013576,Jueves,4
609796,29.09207735618745,Jueves,4
609800,27.084164121013576,Jueves,4
609806,105.70422279202276,Jueves,4
609832,27.599752288618923,Jueves,4
609833,27.084164121013576,Jueves,4
609843,27.084164121013576,Jueves,4
609844,27.084164121013576,Jueves,4
609966,27.084164121013576,Martes,2
609973,64.09212832593833,Martes,2
609978,40.00941542440374,Martes,2
610012,27.599752288618923,Jueves,4
610048,64.09212832593833,Martes,2
610065,27.084164121013576,Martes,2
610111,29.09207735618745,Jueves,4
610115,40.00941542440374,Miércoles,3
610123,29.09207735618745,Jueves,4
610163,40.00941542440374,Jueves,4
610177,64.09212832593833,Jueves,4
610191,27.084164121013576,Jueves,4
610206,29.09207735618745,Miércoles,3
610213,29.09207735618745,Miércoles,3
610220,105.70422279202276,Miércoles,3
610226,40.00941542440374,Miércoles,3
610254,40.00941542440374,Jueves,4
610288,27.599752288618923,Jueves,4
610302,27.084164121013576,Jueves,4
610383,27.084164121013576,Miércoles,3
610386,64.09212832593833,Miércoles,3
610388,29.09207735618745,Miércoles,3
610409,133.21481989062832,Jueves,4
610416,40.00941542440374,Jueves,4
610484,41.45814596290786,Jueves,4
610497,41.45814596290786,Jueves,4
610516,31.19225895717912,Martes,2
610526,41.45814596290786,Martes,2
610529,41.45814596290786,Martes,2
610535,38.45458867787065,Jueves,4
610540,31.19225895717912,Jueves,4
610544,31.19225895717912,Jueves,4
610547,30.285056391297136,Jueves,4
610550,31.19225895717912,Miércoles,3
610566,41.45814596290786,Miércoles,3
610569,30.285056391297136,Miércoles,3
610570,41.45814596290786,Miércoles,3
610577,31.19225895717912,Jueves,4
610581,79.24432057859333,Jueves,4
610588,79.24432057859333,Jueves,4
610589,30.285056391297136,Jueves,4
610642,38.45458867787065,Miércoles,3
610645,79.24432057859333,Miércoles,3
610651,31.19225895717912,Miércoles,3
610652,30.285056391297136,Miércoles,3
610676,30.285056391297136,Jueves,4
610677,30.285056391297136,Jueves,4
610696,31.19225895717912,Miércoles,3
610702,87.38378204689768,Miércoles,3
610704,31.19225895717912,Miércoles,3
610744,41.45814596290786,Martes,2
610811,38.45458867787065,Miércoles,3
610814,38.45458867787065,Martes,2
610830,31.19225895717912,Jueves,4
610833,31.19225895717912,Jueves,4
610835,41.45814596290786,Jueves,4
610884,38.45458867787065,Jueves,4
610895,30.285056391297136,Miércoles,3
610897,41.45814596290786,Miércoles,3
610997,41.45814596290786,Miércoles,3
610999,38.45458867787065,Miércoles,3
611003,41.45814596290786,Miércoles,3
611051,30.285056391297136,Jueves,4
611127,31.19225895717912,Jueves,4
611282,31.19225895717912,Miércoles,3
611323,31.19225895717912,Jueves,4
611325,30.285056391297136,Martes,2
611335,38.45458867787065,Martes,2
611340,31.19225895717912,Jueves,4
611342,31.19225895717912,Martes,2
611412,31.19225895717912,Jueves,4
611521,41.45814596290786,Miércoles,3
611639,38.45458867787065,Miércoles,3
611641,31.19225895717912,Miércoles,3
611648,58.04942894503301,Miércoles,3
611708,41.45814596290786,Miércoles,3
611711,31.19225895717912,Martes,2
611713,31.19225895717912,Miércoles,3
611721,31.19225895717912,Miércoles,3
611724,30.285056391297136,Martes,2
611757,38.45458867787065,Jueves,4
611762,41.45814596290786,Martes,2
611797,38.45458867787065,Jueves,4
611799,31.19225895717912,Jueves,4
611814,30.285056391297136,Jueves,4
611860,79.24432057859333,Jueves,4
611886,36.58381542037807,Jueves,4
611905,36.58381542037807,Jueves,4
611907,30.401334094719214,Jueves,4
611910,37.72330364929643,Miércoles,3
611927,37.72330364929643,Miércoles,3
611947,35.619493436719644,Martes,2
611948,37.72330364929643,Miércoles,3
611951,30.401334094719214,Miércoles,3
611989,66.27679459898269,Jueves,4
611996,35.619493436719644,Miércoles,3
611997,37.72330364929643,Miércoles,3
611998,35.619493436719644,Miércoles,3
612006,36.58381542037807,Miércoles,3
612014,30.401334094719214,Miércoles,3
612018,99.43571814312149,Miércoles,3
612111,36.58381542037807,Martes,2
612113,37.72330364929643,Martes,2
612115,30.401334094719214,Martes,2
612118,30.401334094719214,Martes,2
612174,37.72330364929643,Martes,2
612191,45.32290492617432,Martes,2
612192,37.72330364929643,Martes,2
612203,30.401334094719214,Jueves,4
612208,36.58381542037807,Jueves,4
612218,30.401334094719214,Jueves,4
612220,45.32290492617432,Martes,2
612221,37.72330364929643,Martes,2
612224,35.619493436719644,Martes,2
612226,30.401334094719214,Martes,2
612243,35.619493436719644,Martes,2
612244,99.43571814312149,Martes,2
612534,32.55020645796109,Miércoles,3
612537,49.68328476066257,Miércoles,3
612539,32.55020645796109,Martes,2
612540,22.64569345581101,Martes,2
612563,32.55020645796109,Martes,2
612566,39.79135216878151,Martes,2
612568,39.79135216878151,Martes,2
612572,62.14923691963949,Martes,2
612573,39.79135216878151,Martes,2
612629,49.68328476066257,Jueves,4
612631,41.52717715344958,Jueves,4
612639,35.99494838798533,Jueves,4
612642,32.55020645796109,Jueves,4
612668,41.52717715344958,Miércoles,3
612670,49.68328476066257,Jueves,4
612671,41.52717715344958,Jueves,4
612715,41.52717715344958,Miércoles,3
612727,22.64569345581101,Miércoles,3
612731,22.64569345581101,Miércoles,3
612735,41.52717715344958,Miércoles,3
612749,41.52717715344958,Jueves,4
612755,39.79135216878151,Jueves,4
612764,62.14923691963949,Jueves,4
612766,62.14923691963949,Jueves,4
612911,32.55020645796109,Martes,2
612913,39.79135216878151,Martes,2
612920,35.99494838798533,Martes,2
612929,39.79135216878151,Miércoles,3
612938,41.52717715344958,Martes,2
612943,22.64569345581101,Martes,2
612950,38.96414549025242,Miércoles,3
612951,31.363267823029176,Miércoles,3
612964,36.74653582293018,Miércoles,3
612973,31.363267823029176,Miércoles,3
612975,35.2105403772069,Miércoles,3
612979,71.28925459698844,Miércoles,3
612985,36.74653582293018,Miércoles,3
612989,31.363267823029176,Martes,2
612990,71.28925459698844,Martes,2
613013,36.74653582293018,Martes,2
613028,35.2105403772069,Martes,2
613030,36.74653582293018,Martes,2
613062,34.193993478284824,Martes,2
613083,35.2105403772069,Jueves,4
613088,35.2105403772069,Jueves,4
613089,81.39746406019506,Jueves,4
613110,71.28925459698844,Jueves,4
613119,34.193993478284824,Jueves,4
1435001,32.169097445411836,Miércoles,3
1454201,46.486184554033706,Martes,2
1454202,56.758280247147894,Martes,2
3406901,19.39612381683489,Martes,2
3406902,29.127117460164275,Martes,2
4400001,39.52337388638605,Miércoles,3
4400002,22.209929881479297,Miércoles,3
4400003,45.61340853507907,Miércoles,3
4400201,22.209929881479297,Miércoles,3
4400202,22.209929881479297,Jueves,4
4400203,22.209929881479297,Jueves,4
4400204,45.61340853507907,Jueves,4
4401501,22.209929881479297,Miércoles,3
4401502,22.209929881479297,Miércoles,3
4405201,45.61340853507907,Miércoles,3
7401207,33.7340389612036,Martes,2
7401208,41.55988360953953,Martes,2
7401209,39.71145378181794,Martes,2
7401210,47.96371775348965,Martes,2
7401211,27.52376005931139,Martes,2
7401212,33.7340389612036,Martes,2
7401213,33.7340389612036,Martes,2
7401214,33.7340389612036,Martes,2
7401215,41.55988360953953,Martes,2
7401216,47.96371775348965,Martes,2
7413101,82.44266368568337,Jueves,4
7418101,47.96371775348965,Jueves,4
8400301,27.084164121013576,Jueves,4
8400302,27.599752288618923,Jueves,4
8400303,27.599752288618923,Miércoles,3
8400304,29.09207735618745,Miércoles,3
8400305,27.084164121013576,Miércoles,3
8400306,105.70422279202276,Miércoles,3
8400307,40.00941542440374,Miércoles,3
8400605,40.00941542440374,Martes,2
8400606,64.09212832593833,Martes,2
8400607,29.09207735618745,Martes,2
9450501,41.62135128675111,Jueves,4
9450502,25.135251363557416,Jueves,4
9454501,25.135251363557416,Jueves,4
9460601,25.135251363557416,Jueves,4
9460602,60.98215226554029,Jueves,4
9460603,45.458301141004846,Jueves,4
9473201,60.98215226554029,Jueves,4
9473202,86.40769197546668,Jueves,4
12477501,35.264621491203776,Martes,2
13505301,40.099154024978475,Martes,2
13505302,147.67060249441582,Martes,2
13505303,28.972784791816355,Martes,2
13510403,43.986636506506436,Miércoles,3
13510404,31.105326939952132,Miércoles,3
13514301,40.099154024978475,Martes,2
13514302,28.972784791816355,Martes,2
14542001,54.421986617443295,Jueves,4
14542002,19.74660168598448,Jueves,4
15536301,55.85549306880018,Miércoles,3
15536702,33.73128970867012,Miércoles,3
15536703,55.85549306880018,Miércoles,3
16545602,14.086514653331268,Jueves,4
18512302,26.59442186114486,Jueves,4
19521201,22.587707594572834,Jueves,4
20409801,28.084073307931966,Jueves,4
21511901,46.07311888515541,Miércoles,3
21511902,29.651958700544878,Miércoles,3
21511903,42.11807687693003,Miércoles,3
21511904,29.651958700544878,Miércoles,3
21511905,78.42776082621725,Miércoles,3
21511906,78.42776082621725,Miércoles,3
21511907,29.651958700544878,Miércoles,3
21511908,37.672294357960546,Miércoles,3
21511909,29.651958700544878,Miércoles,3
21511913,29.651958700544878,Martes,2
21511914,37.672294357960546,Martes,2
21511915,37.77753240889819,Martes,2
21511916,37.77753240889819,Martes,2
21511917,37.77753240889819,Martes,2
21511918,37.672294357960546,Martes,2
21511919,78.42776082621725,Martes,2
21511939,37.77753240889819,Martes,2
21511940,29.651958700544878,Martes,2
21511941,37.77753240889819,Miércoles,3
21511942,42.11807687693003,Miércoles,3
21640604,37.77753240889819,Miércoles,3
21640605,37.77753240889819,Miércoles,3
21640606,37.77753240889819,Miércoles,3
21640609,29.651958700544878,Miércoles,3
21640610,29.651958700544878,Miércoles,3
21640611,42.11807687693003,Miércoles,3
21640612,29.651958700544878,Miércoles,3
21640613,37.77753240889819,Miércoles,3
21640614,42.11807687693003,Miércoles,3
21640615,37.672294357960546,Miércoles,3
21640617,29.651958700544878,Martes,2
22475612,21.897531154244923,Jueves,4
22481216,51.97858271880556,Miércoles,3
22502309,30.594395880910554,Martes,2
22502310,37.354868162657816,Miércoles,3
23414406,239.44016887457002,Martes,2
23414407,35.330637301377635,Martes,2
23414408,53.41438156592058,Martes,2
23414409,20.903930903477235,Martes,2
23414410,20.903930903477235,Martes,2
23414412,20.903930903477235,Miércoles,3
24468005,40.43264795657896,Miércoles,3
26414501,22.188527696617584,Jueves,4
26414502,42.10215108431359,Jueves,4
26414503,61.73973409183241,Jueves,4
26420501,42.10215108431359,Miércoles,3
26426801,22.188527696617584,Miércoles,3
26441503,22.188527696617584,Miércoles,3
26448603,48.776170322816746,Martes,2
26448604,22.188527696617584,Jueves,4
26448605,22.188527696617584,Jueves,4
26448606,50.303490982081215,Jueves,4
26448607,22.188527696617584,Miércoles,3
26448608,42.10215108431359,Miércoles,3
26448609,42.10215108431359,Miércoles,3
26448610,22.188527696617584,Miércoles,3
27404401,10.378310970202874,Martes,2
27404402,10.378310970202874,Martes,2
27404403,10.378310970202874,Martes,2
28424103,106.91676046555772,Martes,2
28425701,47.00618436821126,Martes,2
28452501,106.91676046555772,Miércoles,3
28452503,24.79543698600265,Miércoles,3
28452507,47.00618436821126,Miércoles,3
29436102,30.73847029534615,Jueves,4
29441601,33.992435177382404,Jueves,4
29441602,30.73847029534615,Jueves,4
29441603,33.992435177382404,Jueves,4
29448301,42.21594201941898,Miércoles,3
29448302,30.73847029534615,Miércoles,3
29459701,42.21594201941898,Miércoles,3
29459702,30.73847029534615,Miércoles,3
29459703,42.21594201941898,Miércoles,3
29640901,45.76547643790953,Jueves,4
29640903,58.907929399365464,Jueves,4
29640904,33.992435177382404,Jueves,4
29640905,30.73847029534615,Jueves,4
29640906,33.992435177382404,Jueves,4
29640907,46.74244670672864,Jueves,4
29640909,42.21594201941898,Jueves,4
30445701,40.740649799560316,Jueves,4
30448801,58.95033253295382,Jueves,4
30448802,58.95033253295382,Jueves,4
30453001,32.742692430234264,Martes,2
30453002,23.733514656498823,Martes,2
30453003,23.733514656498823,Martes,2
30453004,39.47106210735642,Martes,2
30453005,32.742692430234264,Martes,2
30453006,23.733514656498823,Martes,2
30459604,32.742692430234264,Jueves,4
30461601,39.47106210735642,Jueves,4
30473104,39.47106210735642,Miércoles,3
30473105,32.742692430234264,Miércoles,3
30473106,32.742692430234264,Miércoles,3
30473107,23.733514656498823,Jueves,4
30640529,23.733514656498823,Martes,2
30640530,32.742692430234264,Martes,2
30640531,23.733514656498823,Martes,2
30640532,23.733514656498823,Martes,2
30640533,23.733514656498823,Martes,2
30640534,58.95033253295382,Martes,2
30640535,23.733514656498823,Martes,2
30640536,32.742692430234264,Martes,2
30640537,39.47106210735642,Martes,2
30640538,32.742692430234264,Martes,2
30640539,23.733514656498823,Jueves,4
30640540,23.733514656498823,Jueves,4
30640541,39.47106210735642,Jueves,4
30640542,32.742692430234264,Jueves,4
30640543,32.742692430234264,Jueves,4
30640544,23.733514656498823,Jueves,4
30640545,99.07227020563712,Jueves,4
30640546,40.740649799560316,Jueves,4
30640547,23.733514656498823,Jueves,4
30640555,39.47106210735642,Miércoles,3
30640556,23.733514656498823,Miércoles,3
32484701,28.535135396980486,Martes,2
32484702,28.535135396980486,Martes,2
32494201,28.535135396980486,Miércoles,3
32494202,28.535135396980486,Miércoles,3
32500201,28.535135396980486,Miércoles,3
32512201,28.535135396980486,Miércoles,3
32518501,40.94690913382937,Miércoles,3
32518502,28.535135396980486,Miércoles,3
33483641,48.92125113876802,Miércoles,3
34593501,26.428532559524683,Martes,2
34593502,41.37164578590441,Martes,2
34593503,41.37164578590441,Martes,2
34593504,41.37164578590441,Martes,2
34608201,31.372275641302476,Miércoles,3
34608202,26.428532559524683,Miércoles,3
34608203,44.93698728421096,Miércoles,3
34608204,41.37164578590441,Miércoles,3
34622802,31.372275641302476,Jueves,4
34626501,26.428532559524683,Jueves,4
34626503,26.428532559524683,Jueves,4
36628201,33.77913643389494,Jueves,4
36628202,33.77913643389494,Jueves,4
36628203,36.16690415748494,Jueves,4
36628204,36.16690415748494,Jueves,4
37579401,33.765546455139216,Martes,2
37579402,38.055462319554636,Miércoles,3
37579403,56.0789661513505,Martes,2
37586605,54.376289818535746,Martes,2
37586606,41.18013900991157,Martes,2
37586607,39.715084539973475,Martes,2
37586608,39.715084539973475,Martes,2
37586609,41.18013900991157,Miércoles,3
37586610,39.715084539973475,Jueves,4
37586613,38.055462319554636,Miércoles,3
37586621,38.055462319554636,Jueves,4
37590502,54.376289818535746,Jueves,4
38600001,34.44891103698015,Jueves,4
38600002,29.02546536776762,Jueves,4
38600003,29.02546536776762,Jueves,4
38600004,29.02546536776762,Jueves,4
38600007,55.15207421415311,Jueves,4
38603105,29.02546536776762,Miércoles,3
38603106,34.44891103698015,Miércoles,3
38604401,31.720469599585535,Martes,2
38604403,31.720469599585535,Martes,2
38604404,31.720469599585535,Martes,2
38605103,31.720469599585535,Martes,2
38605104,34.44891103698015,Miércoles,3
38605701,29.02546536776762,Martes,2
38605702,55.15207421415311,Martes,2
38605703,34.44891103698015,Martes,2
38605704,101.75784965868273,Martes,2
38607002,55.15207421415311,Miércoles,3
38607003,29.02546536776762,Jueves,4
38607004,29.02546536776762,Miércoles,3
38607701,63.61002617345468,Martes,2
38607702,34.44891103698015,Martes,2
38607703,34.44891103698015,Martes,2
38607704,55.15207421415311,Martes,2
38607705,34.44891103698015,Martes,2
38608704,29.02546536776762,Miércoles,3
38608705,31.720469599585535,Miércoles,3
38608706,31.720469599585535,Miércoles,3
38608707,34.44891103698015,Jueves,4
38608708,34.44891103698015,Miércoles,3
38608709,34.44891103698015,Jueves,4
38608711,34.44891103698015,Jueves,4
38611502,34.44891103698015,Miércoles,3
38611503,34.44891103698015,Miércoles,3
38611504,34.44891103698015,Jueves,4
38612801,29.02546536776762,Miércoles,3
38612802,34.44891103698015,Miércoles,3
38612803,34.44891103698015,Miércoles,3
38612804,34.44891103698015,Martes,2
38616501,31.720469599585535,Jueves,4
38616502,29.02546536776762,Jueves,4
38618001,63.61002617345468,Jueves,4
38618002,29.02546536776762,Jueves,4
38618003,29.02546536776762,Miércoles,3
38624705,55.15207421415311,Jueves,4
38624708,29.02546536776762,Jueves,4
38624717,34.44891103698015,Martes,2
38626601,34.44891103698015,Martes,2
38626602,140.13113472049412,Miércoles,3
38626603,31.720469599585535,Jueves,4
38626604,55.15207421415311,Jueves,4
38626605,31.720469599585535,Jueves,4
38630521,29.02546536776762,Miércoles,3
38630522,31.720469599585535,Miércoles,3
38630523,31.720469599585535,Miércoles,3
38630524,63.61002617345468,Miércoles,3
38630525,29.02546536776762,Miércoles,3
38630526,55.15207421415311,Jueves,4
38630527,34.44891103698015,Jueves,4
38630528,29.02546536776762,Jueves,4
38630529,34.44891103698015,Jueves,4
38630530,31.720469599585535,Jueves,4
38630531,55.15207421415311,Jueves,4
38630532,31.720469599585535,Jueves,4
38630533,34.44891103698015,Jueves,4
38630534,29.02546536776762,Jueves,4
38630535,140.13113472049412,Jueves,4
38630536,63.61002617345468,Jueves,4
38630537,55.15207421415311,Jueves,4
38630538,34.44891103698015,Jueves,4
38630539,29.02546536776762,Jueves,4
39547901,40.23238097518763,Jueves,4
39562401,32.95113733039413,Martes,2
39568302,32.95113733039413,Jueves,4
39568306,38.169945420876815,Jueves,4
39568307,40.23238097518763,Jueves,4
39578403,65.15043788280086,Jueves,4
39581301,32.95113733039413,Miércoles,3
39592201,38.169945420876815,Jueves,4
39592202,38.169945420876815,Jueves,4
39592203,65.15043788280086,Jueves,4
39592204,40.23238097518763,Jueves,4
39594801,40.81904557102789,Jueves,4
39594802,40.81904557102789,Jueves,4
39595601,32.95113733039413,Martes,2
39595602,40.81904557102789,Miércoles,3
39595603,40.81904557102789,Miércoles,3
39597201,40.81904557102789,Miércoles,3
39597202,38.27323180430261,Miércoles,3
39597203,32.95113733039413,Miércoles,3
39597204,32.95113733039413,Miércoles,3
39597205,38.169945420876815,Miércoles,3
39597206,40.23238097518763,Miércoles,3
39601401,38.169945420876815,Martes,2
40571601,27.79769255471618,Miércoles,3
40579101,26.808741698541326,Miércoles,3
40581401,63.091330648753434,Miércoles,3
41567801,26.161992237386407,Martes,2
41572501,47.39790257127969,Jueves,4
42532201,22.6098917565134,Miércoles,3
42540501,38.648428968290474,Miércoles,3
42552001,54.76227751172435,Jueves,4
42552002,28.809936307545932,Jueves,4
43541301,40.86453780803458,Martes,2
43541302,40.86453780803458,Martes,2
44584811,31.703789388050787,Miércoles,3
44584812,25.732872724648992,Miércoles,3
44584813,31.703789388050787,Miércoles,3
44584814,31.703789388050787,Miércoles,3
44584824,31.703789388050787,Martes,2
44584825,31.703789388050787,Martes,2
44584826,67.55828141519322,Martes,2
44584827,46.03326779575274,Martes,2
44584828,25.732872724648992,Martes,2
44584829,46.03326779575274,Martes,2
44584830,36.12667487182033,Martes,2
44584832,31.703789388050787,Jueves,4
44584833,25.732872724648992,Jueves,4
44584834,46.03326779575274,Jueves,4
44584835,25.732872724648992,Jueves,4
44584836,36.12667487182033,Martes,2
44584837,31.703789388050787,Martes,2
44584838,36.12667487182033,Martes,2
44584839,36.12667487182033,Martes,2
44584840,46.03326779575274,Martes,2
44587001,143.7509784682764,Miércoles,3
44587002,46.03326779575274,Miércoles,3
44587003,31.703789388050787,Miércoles,3
44589801,143.7509784682764,Miércoles,3
44592801,59.66541491839098,Jueves,4
44592802,25.732872724648992,Jueves,4
44596502,46.03326779575274,Jueves,4
44596503,46.03326779575274,Jueves,4
44596504,25.732872724648992,Jueves,4
44606801,36.12667487182033,Jueves,4
44606802,25.732872724648992,Jueves,4
44606804,46.03326779575274,Jueves,4
44606805,31.703789388050787,Jueves,4
44617002,46.03326779575274,Jueves,4
46122430,23.715030093437004,Martes,2
46122434,45.499793141984654,Martes,2
46126031,28.522841927943443,Martes,2
46126032,40.99589205698053,Martes,2
48131101,56.958988287716856,Martes,2
48131102,24.256941196835488,Martes,2
51063801,25.856899941215943,Jueves,4
51065205,32.9757227253198,Jueves,4
51066501,44.238380801947116,Jueves,4
51066502,25.856899941215943,Jueves,4
51067501,52.148269987374924,Martes,2
51067502,36.28209527916209,Martes,2
51069101,32.9757227253198,Jueves,4
51069102,52.148269987374924,Jueves,4
51069103,36.28209527916209,Jueves,4
51073101,52.148269987374924,Jueves,4
51073102,36.28209527916209,Jueves,4
51073103,36.28209527916209,Jueves,4
51073104,44.238380801947116,Jueves,4
56126801,30.99532808564715,Martes,2
56126802,55.91864146967635,Martes,2
58137221,144.86829441213828,Jueves,4
58137222,97.37193475354694,Jueves,4
58140313,15.40631293622216,Martes,2
58140318,88.31820109922778,Jueves,4
58140319,69.40641907519193,Jueves,4
58140320,20.074881097331925,Jueves,4
63139209,29.386546864853763,Jueves,4
63294410,36.15205192690704,Jueves,4
64150301,33.34300898129349,Jueves,4
64150302,33.34300898129349,Jueves,4
65134106,22.89809896559825,Miércoles,3
67252601,22.561715560017575,Martes,2
67252602,22.561715560017575,Martes,2
67252801,54.27142567444559,Martes,2
67252802,52.00289448362678,Martes,2
68158707,45.66175346299284,Jueves,4
69087102,66.18173487098518,Miércoles,3
69087103,29.143420757698504,Miércoles,3
69087104,32.718388884381326,Miércoles,3
69087201,39.83661357413377,Miércoles,3
69279101,32.718388884381326,Miércoles,3
70187002,34.591531699846314,Jueves,4
82035008,54.10460890924299,Miércoles,3
82035010,31.369346416193125,Miércoles,3
82035011,42.67919066000421,Miércoles,3
82037313,43.129502504193866,Jueves,4
84001205,29.09207735618745,Martes,2
84001206,27.084164121013576,Martes,2
84001207,64.09212832593833,Jueves,4
84002701,64.09212832593833,Miércoles,3
84002702,27.084164121013576,Miércoles,3
84006001,29.09207735618745,Jueves,4
84007301,40.00941542440374,Jueves,4
84103705,29.09207735618745,Martes,2
84103706,40.00941542440374,Martes,2
84107603,133.21481989062832,Miércoles,3
84107604,27.084164121013576,Miércoles,3
84225802,27.599752288618923,Jueves,4
84225803,40.00941542440374,Jueves,4
85007802,30.285056391297136,Martes,2
85007803,38.45458867787065,Jueves,4
85008001,31.19225895717912,Martes,2
85008008,30.285056391297136,Martes,2
85103001,79.24432057859333,Miércoles,3
85103002,31.19225895717912,Miércoles,3
85103003,58.04942894503301,Miércoles,3
87025705,35.99494838798533,Jueves,4
88015901,31.363267823029176,Miércoles,3
88015902,36.74653582293018,Miércoles,3
88026501,38.96414549025242,Miércoles,3
88173612,36.74653582293018,Miércoles,3
91209701,31.139492402324578,Martes,2
91209702,19.914803077342825,Martes,2
92522501,33.09888411851159,Miércoles,3
92522503,31.631401210615877,Miércoles,3
92522504,39.977018835372256,Miércoles,3
92522505,53.8837006790753,Miércoles,3
92522507,53.8837006790753,Miércoles,3
92522508,31.631401210615877,Miércoles,3
92522509,53.8837006790753,Miércoles,3
92529501,39.977018835372256,Jueves,4
92529502,31.631401210615877,Jueves,4
92529503,31.631401210615877,Jueves,4
92529504,45.809792253660106,Jueves,4
92529510,33.09888411851159,Martes,2
92529511,31.631401210615877,Martes,2
92529512,31.631401210615877,Martes,2
92529513,33.09888411851159,Martes,2
92529514,33.09888411851159,Martes,2
92529515,67.4692989450899,Martes,2
92529516,31.631401210615877,Martes,2
92529606,53.8837006790753,Martes,2
92529607,39.977018835372256,Martes,2
92529608,33.09888411851159,Martes,2
92529609,67.4692989450899,Martes,2
92529611,45.809792253660106,Miércoles,3
92529612,53.8837006790753,Miércoles,3
92529613,39.977018835372256,Miércoles,3
92529614,33.09888411851159,Miércoles,3
92529615,31.631401210615877,Miércoles,3
92529616,31.631401210615877,Jueves,4
92529620,31.631401210615877,Miércoles,3
100158,54.40824408573832,Miércoles,3
100488,22.209929881479297,Martes,2
100719,22.209929881479297,Miércoles,3
100720,56.64828071235735,Miércoles,3
100809,56.64828071235735,Martes,2
101179,22.209929881479297,Miércoles,3
101289,41.55988360953953,Martes,2
101290,33.7340389612036,Martes,2
101291,33.7340389612036,Martes,2
101300,27.52376005931139,Miércoles,3
101309,41.55988360953953,Martes,2
101913,82.44266368568337,Martes,2
101914,41.55988360953953,Martes,2
101919,39.71145378181794,Martes,2
101979,18.067452705639536,Jueves,4
102006,72.94155816110822,Miércoles,3
102362,30.11563451174941,Jueves,4
102368,42.43613866574628,Jueves,4
102370,21.425099004623142,Jueves,4
102735,41.62135128675111,Jueves,4
102871,25.135251363557416,Jueves,4
102877,22.116415183775167,Jueves,4
102910,45.458301141004846,Jueves,4
102925,22.116415183775167,Jueves,4
102926,22.116415183775167,Jueves,4
102937,41.62135128675111,Martes,2
102982,41.62135128675111,Miércoles,3
103025,45.458301141004846,Miércoles,3
103188,56.25851460220861,Martes,2
103203,23.30389268429253,Jueves,4
103330,28.606587485703052,Martes,2
103363,23.30389268429253,Jueves,4
103376,32.89340334323082,Jueves,4
103461,34.594369900676234,Jueves,4
103530,111.42206665057483,Jueves,4
103537,47.879586895496686,Martes,2
103548,35.264621491203776,Martes,2
103549,42.238720183924016,Martes,2
103551,35.264621491203776,Martes,2
103582,28.972784791816355,Jueves,4
103627,31.105326939952132,Martes,2
103849,35.37492815403636,Miércoles,3
103850,35.37492815403636,Martes,2
103872,23.55662167482668,Jueves,4
103905,32.556135099464825,Martes,2
103945,68.68132227943285,Jueves,4
103955,54.421986617443295,Martes,2
104010,25.57422511136024,Martes,2
104280,40.664516657044345,Martes,2
104292,26.59442186114486,Martes,2
104838,37.672294357960546,Martes,2
104850,46.07311888515541,Martes,2
104855,37.672294357960546,Martes,2
104910,37.77753240889819,Martes,2
104931,37.672294357960546,Jueves,4
104955,29.651958700544878,Martes,2
105061,29.651958700544878,Martes,2
107845,37.672294357960546,Jueves,4
107849,37.672294357960546,Miércoles,3
107851,29.651958700544878,Martes,2
107946,37.77753240889819,Miércoles,3
107947,29.651958700544878,Miércoles,3
107948,37.77753240889819,Miércoles,3
107953,37.77753240889819,Miércoles,3
107956,37.672294357960546,Miércoles,3
107961,29.651958700544878,Jueves,4
107963,37.77753240889819,Jueves,4
107964,78.42776082621725,Miércoles,3
107967,42.11807687693003,Jueves,4
107968,29.651958700544878,Martes,2
107969,46.07311888515541,Miércoles,3
107970,42.11807687693003,Jueves,4
107971,42.11807687693003,Martes,2
