IDFolio,IDNumVehiculo,TipoVehiculo,IDModelo,AgnoFabricacion,Cilindrada,TipoMotor,SelloVerde,VehiculoEmpresa,TieneTag
101186,1,4,517,1992,1600,1,2,2,-1
101309,1,1,4002,2000,1600,1,1,2,-1
102362,1,4,1301,1993,1500,1,2,2,-1
102368,1,1,4004,1993,1500,1,1,2,-1
102877,1,4,2912,2007,2500,2,1,2,-1
102910,1,1,1602,1995,1600,1,2,2,-1
102924,1,1,1403,2000,1600,1,1,2,-1
102926,1,1,3203,1983,1200,1,2,2,-1
102982,1,4,517,1996,2300,1,1,2,-1
103025,1,1,511,1990,1600,1,2,2,-1
103184,1,1,3802,1982,2000,1,2,2,-1
103205,1,1,4003,1990,2400,1,2,2,-1
103530,1,1,2914,2000,1600,1,1,2,-1
103551,1,1,2504,2006,1800,1,1,2,-1
103551,2,1,2805,2008,2800,1,1,2,-1
103849,1,1,2907,2005,1600,1,1,2,-1
103849,2,4,517,2003,2400,1,1,2,-1
103850,1,1,3114,2007,1600,1,1,2,-1
103902,1,1,808,1995,2000,1,1,2,-1
103905,1,1,4005,2007,1500,1,1,2,-1
103905,2,1,2513,1995,1500,1,1,2,-1
103944,1,4,1413,1997,2500,1,1,2,-1
103945,1,4,512,2007,1300,2,1,2,-1
104010,1,1,4005,2009,1600,1,1,2,-1
104420,1,1,2910,1996,1600,1,2,2,-1
104675,1,1,4004,1998,1600,1,1,2,-1
104777,1,1,2011,2000,1800,1,1,2,-1
104838,1,1,1414,1996,1600,1,1,2,-1
104850,1,1,3906,1982,800,1,2,2,-1
104910,1,1,1304,1981,600,1,2,2,-1
104931,1,1,4005,2008,1500,1,1,2,-1
105013,1,1,2204,1998,1600,1,2,2,-1
105127,1,4,4003,1992,2400,1,2,2,-1
105127,2,1,2001,1992,800,1,2,2,-1
105344,1,1,4005,2006,1500,1,1,2,-1
106082,1,1,4002,1981,2000,1,2,2,-1
106552,1,1,1613,1999,2000,1,1,2,-1
107842,1,1,1605,2005,1800,1,1,2,-1
107842,2,1,1403,2005,1600,1,1,2,-1
107845,1,1,506,2009,1400,1,1,2,-1
107845,2,1,907,2000,1300,1,1,2,-1
107943,1,1,4104,1981,1300,1,2,2,-1
107943,2,1,527,1990,2300,1,2,2,-1
107946,1,1,3917,2007,1500,1,1,2,-1
107947,1,1,1602,2004,1600,1,1,2,-1
107953,1,1,3903,2009,800,1,1,2,-1
107954,1,2,4003,2005,2700,2,1,1,-1
107954,2,1,907,2005,1500,1,1,2,-1
107960,1,1,4005,2005,1600,1,1,2,-1
107965,1,1,1602,2004,1500,1,1,2,-1
107968,1,1,3206,2004,1500,1,1,2,-1
107969,1,1,1605,1998,1600,1,1,2,-1
107970,1,1,2910,1998,1600,1,1,2,-1
107971,1,1,511,1992,1400,1,2,2,-1
107972,1,1,4004,1992,1500,1,2,2,-1
107972,2,1,2512,1995,1600,1,1,2,-1
107984,1,1,601,2008,2400,1,1,2,-1
107984,2,1,517,2009,2400,1,1,2,-1
107986,1,1,4004,1997,1600,1,1,2,-1
107986,2,1,3917,2005,1600,1,1,2,-1
107986,3,1,706,2008,1600,1,1,2,-1
108209,1,1,2910,1993,1600,1,1,2,-1
108211,1,1,2914,2005,1800,1,1,2,-1
108211,2,1,507,1985,2800,1,2,2,-1
108285,1,1,501,1997,1300,1,1,2,-1
108285,2,1,3110,1992,2000,1,1,2,-1
108286,1,1,3103,2002,1600,1,1,2,-1
108307,1,2,4003,2008,3000,1,1,1,-1
108308,1,1,1616,2008,2000,1,1,2,-1
108317,1,1,1605,2001,1600,1,1,2,-1
108317,2,1,807,1996,1800,1,1,2,-1
108320,1,1,4106,2005,1600,1,1,2,-1
108645,1,1,2913,2008,1600,1,1,2,-1
108754,1,1,2508,2009,1600,1,1,2,-1
108754,2,1,2302,2005,1800,1,1,2,-1
108754,3,1,1602,2006,1600,1,1,2,-1
108755,1,1,1410,2002,1600,1,1,2,-1
108757,1,1,3103,2007,1600,1,1,2,-1
108761,1,4,1801,2007,2400,1,1,2,-1
108761,2,4,2912,2009,2800,1,1,2,-1
108761,3,1,1506,2008,2000,1,1,2,-1
109096,1,1,3802,2008,2000,1,1,2,-1
109283,1,1,705,2007,1600,1,1,2,-1
109283,2,4,3904,2001,1400,1,1,2,-1
109319,1,1,3111,2009,1600,1,1,2,-1
109328,1,1,3918,2005,1600,1,1,2,-1
109520,1,1,2009,2006,1300,1,1,2,-1
109523,1,1,3103,2006,1600,1,1,2,-1
109523,2,4,3909,2000,2400,1,1,2,-1
109775,1,1,506,2003,2000,1,1,2,-1
109971,1,1,3917,1992,1300,1,2,2,-1
110436,1,1,1414,2005,1600,1,1,2,-1
110666,1,1,3002,1993,1400,1,2,2,-1
110690,1,1,1410,2004,1600,1,1,2,-1
111043,1,1,4002,2008,1800,1,1,2,-1
111069,1,1,1801,2010,3700,2,1,2,-1
111092,1,1,3904,2000,1800,1,1,2,-1
111168,1,1,4004,1990,1600,1,2,2,-1
111714,1,1,524,2007,1000,1,1,2,-1
113749,1,4,2806,1995,1800,1,1,2,-1
113764,1,1,702,1997,1600,1,1,2,-1
113783,1,4,517,1980,1800,2,2,2,-1
113813,1,1,513,2006,2100,1,1,2,-1
113882,1,1,2001,1997,1200,1,1,2,-1
115123,1,1,513,2005,1800,1,1,2,-1
115132,1,1,805,2000,800,1,1,2,-1
115139,1,1,808,1998,1600,1,1,2,-1
115908,1,4,517,1994,2300,1,1,2,-1
115958,1,1,2901,2000,1800,1,1,2,-1
115979,1,1,1404,1999,1600,1,1,2,-1
116275,1,1,3206,1998,1400,1,1,2,-1
116478,1,1,3903,2005,1300,1,1,2,-1
116503,1,1,4005,2006,1600,1,1,2,-1
116684,1,1,2912,2007,2500,2,1,2,-1
117707,1,4,1616,2010,2000,1,1,2,-1
117707,2,1,2508,2008,1800,1,1,2,-1
117825,1,1,4106,1994,1800,1,2,2,-1
118521,1,1,513,1999,1600,1,1,2,-1
118524,1,4,2903,2005,2700,2,1,2,-1
118708,1,1,4005,2010,1600,1,1,2,-1
118716,1,1,3001,2002,1600,1,1,2,-1
118720,1,1,1602,2008,1600,1,1,2,-1
118720,2,1,1602,2005,1600,1,1,2,-1
118724,1,4,517,2006,2300,1,1,2,-1
118724,2,1,2914,1997,1600,1,1,2,-1
119618,1,1,1602,2008,1600,1,1,2,-1
120509,1,1,1501,1995,2200,1,1,2,-1
121693,1,1,904,1997,850,1,1,2,-1
126167,1,1,4005,2005,1600,1,1,2,-1
126167,2,1,1307,2002,1500,1,1,2,-1
126200,1,1,1613,2000,2000,1,1,2,-1
126226,1,1,4005,2004,1600,1,1,2,-1
126281,1,1,2512,2003,1600,1,1,2,-1
126306,1,1,1602,2006,1600,1,1,2,-1
126448,1,1,2914,1996,1600,1,1,2,-1
126513,1,1,2008,1995,1300,1,1,2,-1
127755,1,1,1302,1979,1300,1,2,2,-1
129227,1,1,903,1993,1500,1,2,2,-1
129296,1,1,2910,1998,1600,1,1,2,-1
131479,1,1,1503,1991,1300,1,1,2,-1
131544,1,4,1413,2000,1800,1,1,2,-1
133142,1,1,2009,2008,1400,1,1,2,-1
133142,2,1,2910,1995,1600,1,2,2,-1
200001,1,1,511,1992,1500,1,2,2,-1
200001,2,1,2911,1998,1500,1,2,2,-1
200002,1,1,1405,1996,4000,1,2,2,-1
200037,1,1,2910,1993,1300,1,2,2,-1
200107,1,1,2803,2004,2800,2,1,2,-1
200114,1,1,803,1997,1500,1,2,2,-1
200123,1,9,4109,1998,4500,2,2,-1,-1
200176,1,1,902,1988,1600,1,2,2,-1
200373,1,4,2912,2000,2000,1,1,2,-1
201012,1,1,3905,1992,1000,1,2,2,-1
201028,1,1,2901,2005,2000,1,1,2,-1
201096,1,1,1614,1997,1800,1,1,2,-1
201116,1,1,4005,2003,1500,1,1,2,-1
201243,1,1,3601,1998,0,1,1,2,-1
201272,1,1,507,1999,4300,1,1,2,-1
201290,1,1,1608,2007,1600,1,1,2,-1
201342,1,1,2806,1988,3000,1,1,2,-1
201346,1,1,4108,2002,1800,1,1,2,-1
201383,1,9,2607,1993,5000,2,2,-1,-1
201390,1,1,907,1990,1600,1,2,2,-1
201444,1,10,4005,2007,1600,1,1,-1,-1
201444,2,10,3902,2008,1600,1,1,-1,-1
201482,1,4,518,2001,2200,1,1,2,-1
201505,1,1,2914,1990,1500,2,1,2,-1
201628,1,1,4005,1999,1500,2,1,2,-1
201643,1,1,506,2009,1400,1,1,2,-1
201742,1,1,3104,2010,1600,1,1,2,-1
201927,1,1,3103,2003,1600,1,1,2,-1
202033,1,1,4005,2006,1600,1,1,2,-1
202067,1,1,2007,2007,1600,1,1,2,-1
202177,1,4,4003,1992,1800,1,2,2,-1
202235,1,1,3903,2008,1200,1,1,2,-1
202238,1,2,512,2007,1500,1,1,1,-1
202239,1,4,517,2001,2200,1,1,2,-1
202244,1,3,1509,2007,1300,1,1,2,-1
202271,1,1,519,1998,1600,1,2,2,-1
202346,1,1,513,2010,1400,1,1,2,-1
202366,1,1,3802,1994,2000,1,1,2,-1
202398,1,1,513,2008,1600,1,1,2,-1
202618,1,1,3302,2009,1600,1,1,2,-1
202618,2,1,2601,1989,2000,2,1,2,-1
202624,1,1,3107,2004,2000,1,1,2,-1
202655,1,1,4002,2000,1800,1,1,2,-1
202700,1,1,3208,2008,1600,1,1,2,-1
202700,2,1,2013,2010,2400,1,1,2,-1
202703,1,1,4003,2006,2500,2,1,2,-1
202745,1,1,4005,2007,1600,1,1,2,-1
202819,1,1,1603,2010,1800,1,1,2,-1
203277,1,1,2007,2008,1100,1,1,2,-1
203291,1,1,3103,2004,1600,1,1,2,-1
203347,1,1,507,1998,4300,1,1,2,-1
203374,1,1,1615,2008,2900,2,1,2,-1
203374,2,1,3801,1995,2500,1,1,2,-1
203374,3,1,1803,2010,3200,2,1,2,-1
203374,4,1,1801,2006,3700,2,1,2,-1
203414,1,1,4001,2009,2400,1,1,2,-1
203431,1,1,4108,2001,1500,1,1,2,-1
203592,1,1,1602,2008,1600,1,1,2,-1
203612,1,2,4005,2009,1600,1,1,1,-1
203626,1,1,2010,2006,2000,1,1,2,-1
203627,1,1,1411,2005,1800,1,1,2,-1
203637,1,1,3913,2004,1600,1,1,2,-1
203660,1,1,502,1985,1600,1,2,2,-1
203676,1,1,3904,2002,1600,1,1,2,-1
203691,1,1,2007,2009,1600,1,1,2,-1
203741,1,1,4005,2000,1600,1,1,2,-1
203757,1,1,1504,1998,2000,1,1,2,-1
203757,2,1,511,1991,1600,1,2,2,-1
203767,1,1,2609,2003,1800,1,1,2,-1
203767,2,1,3405,2003,3500,2,1,2,-1
203937,1,1,3802,2000,1800,1,1,2,-1
203950,1,1,516,1990,1700,1,2,2,-1
204001,1,2,2605,1995,2700,1,1,1,-1
204035,1,1,517,1995,2300,1,1,2,-1
204131,1,1,3103,2008,1600,1,1,2,-1
204161,1,1,3110,1996,1600,1,2,2,-1
204178,1,1,4005,2007,1800,1,1,2,-1
204242,1,1,2803,2007,2400,2,1,2,-1
204515,1,1,4003,2006,1800,1,1,2,-1
204515,2,2,2901,2002,2400,2,1,1,-1
204517,1,1,2804,2007,1600,1,1,2,-1
204520,1,1,3405,2008,2600,1,1,2,-1
204531,1,1,513,2006,1600,1,1,2,-1
204709,1,1,1613,1999,1600,1,1,2,-1
204714,1,1,2401,2009,1600,1,1,2,-1
204716,1,1,713,2008,1800,1,1,2,-1
204720,1,1,3108,2010,1800,1,1,2,-1
204818,1,1,3108,2009,1600,1,1,2,-1
204819,1,1,3108,2010,1600,1,1,2,-1
204865,1,1,1503,2009,1800,1,1,2,-1
204865,2,1,2805,2006,2400,1,1,2,-1
204870,1,4,1616,2010,1800,1,1,2,-1
204870,2,1,3112,2009,1600,1,1,2,-1
205153,1,1,517,1985,1600,1,1,2,-1
205153,2,1,1001,1982,1600,1,1,2,-1
205155,1,1,1309,2003,1300,1,1,2,-1
205155,2,1,3916,2009,1300,1,1,2,-1
205305,1,10,3601,2000,0,1,1,-1,-1
205306,1,1,2801,1998,1800,1,1,2,-1
205306,2,10,903,1996,1200,1,1,-1,-1
205329,1,1,3107,2006,1600,1,1,2,-1
205330,1,1,2515,2000,1000,1,1,2,-1
205332,1,1,3106,1995,1400,1,1,2,-1
205363,1,1,4102,2001,2000,1,1,2,-1
205747,1,1,2801,2006,2400,1,1,2,-1
205976,1,4,1413,2000,2400,1,1,2,-1
205976,2,1,714,1999,1400,1,1,2,-1
205982,1,1,3910,2005,1600,2,1,2,-1
206228,1,1,2906,2005,3500,1,1,2,-1
206276,1,1,1413,2002,2000,2,1,2,-1
206288,1,1,3918,1997,1500,1,1,2,-1
206346,1,1,3902,2000,1600,1,1,2,-1
206457,1,1,3904,1998,1600,1,1,2,-1
206544,1,1,521,2007,1006,1,1,2,-1
206544,2,1,2513,1990,1000,1,2,2,-1
206557,1,1,517,1997,2300,1,1,2,-1
206560,1,1,3209,2003,1600,1,1,2,-1
206872,1,1,2007,2005,1600,1,1,2,-1
206888,1,1,524,2005,1000,1,1,2,-1
206939,1,1,3103,2005,1800,1,1,2,-1
206940,1,3,1511,1997,250,1,2,2,-1
206964,1,1,3107,2008,1800,1,1,2,-1
206998,1,1,711,2004,1600,1,1,2,-1
207004,1,1,3208,2007,2000,1,1,2,-1
207010,1,1,513,2008,1600,1,1,2,-1
207020,1,4,3401,2008,2000,2,1,2,-1
207102,1,3,1901,2002,400,1,1,2,-1
207103,1,1,4105,2004,1600,1,1,2,-1
207104,1,1,2515,2000,1500,1,1,2,-1
207105,1,1,513,2002,1600,1,1,2,-1
207112,1,1,4103,2007,1600,1,1,2,-1
207114,1,4,1409,2008,5400,1,1,2,-1
207120,1,1,101,2002,1600,1,1,2,-1
207123,1,1,513,1998,1300,1,1,2,-1
207127,1,1,2604,2008,1700,1,1,2,-1
207254,1,1,805,2001,800,1,1,2,-1
207430,1,4,1102,1999,2600,1,1,2,-1
207470,1,1,3206,1998,1600,1,1,2,-1
207477,1,1,4104,1998,1600,1,1,2,-1
207480,1,1,3802,1995,2000,1,1,2,-1
207569,1,7,2803,1996,2000,1,1,2,-1
207570,1,1,4005,2005,1500,1,1,2,-1
207570,2,1,513,2005,1600,1,1,2,-1
207571,1,1,2910,2004,1800,1,1,2,-1
207575,1,1,3701,1998,1300,1,1,2,-1
207792,1,1,4005,2005,1600,1,1,2,-1
207826,1,1,4005,2005,2100,1,1,2,-1
207834,1,1,517,2000,2300,1,1,2,-1
207872,1,1,2907,2005,1600,1,1,2,-1
207886,1,1,2914,2009,1600,1,1,2,-1
208141,1,1,2910,1993,1600,2,2,2,-1
208344,1,1,903,1992,1300,1,2,2,-1
208540,1,1,4005,2003,1500,1,1,2,-1
208845,1,1,1602,2006,1600,1,1,2,-1
208866,1,1,902,1981,1800,1,2,2,-1
209161,1,1,2009,2003,1500,1,1,2,-1
209559,1,1,519,1985,1800,1,1,2,-1
209603,1,1,517,2003,1600,1,1,2,-1
209881,1,1,513,2009,1600,1,1,2,-1
209881,2,1,3103,2005,1600,1,1,2,-1
209882,1,3,1507,2006,250,1,1,2,-1
209882,2,3,3915,2010,250,1,1,2,-1
209884,1,1,3903,2007,1600,1,1,2,-1
209886,1,1,1602,1998,1500,1,1,2,-1
209886,2,1,807,2008,1500,1,1,2,-1
209886,3,1,1602,2010,1500,1,1,2,-1
210401,1,1,513,2004,1600,1,1,2,-1
210986,1,1,2909,1990,1400,1,2,2,-1
211242,1,1,2914,1995,1600,1,2,2,-1
212017,1,1,1602,2005,1800,2,1,2,-1
212942,1,1,4005,2005,1600,1,1,2,-1
214502,1,1,808,1999,1500,1,1,2,-1
215063,1,1,903,1982,800,1,2,2,-1
216338,1,1,2910,1991,1600,1,2,2,-1
216367,1,1,1602,2006,1600,1,1,2,-1
216411,1,1,808,1995,1500,1,1,2,-1
216550,1,1,2512,1993,1600,1,1,2,-1
216630,1,1,4003,1996,2000,2,1,2,-1
216731,1,1,4005,2005,1600,1,1,2,-1
216752,1,1,526,2009,3800,1,1,2,-1
216752,2,1,524,2009,1000,1,1,2,-1
217048,1,1,4003,1999,2400,1,1,2,-1
217127,1,1,2910,2003,1600,1,1,2,-1
217607,1,1,1405,2006,2000,2,1,2,-1
217855,1,1,3107,2002,1600,1,1,2,-1
217876,1,1,4105,2008,1800,1,1,2,-1
217883,1,1,4005,2005,1600,1,1,2,-1
217885,1,1,513,2000,1600,1,1,2,-1
217952,1,1,3909,2001,2000,1,1,2,-1
217982,1,1,511,1989,1500,1,2,2,-1
218013,1,1,1410,2007,1600,1,1,2,-1
218250,1,1,804,1999,1500,1,1,2,-1
218268,1,4,1403,2006,2000,1,1,2,-1
218268,2,1,3104,2009,1500,1,1,2,-1
218502,1,1,2009,2005,1600,1,1,2,-1
218596,1,1,513,2007,1600,1,1,2,-1
218596,2,2,703,2006,2000,2,1,1,-1
218756,1,2,3116,2008,2000,2,1,1,-1
218845,1,1,3802,2008,2000,1,1,2,-1
218911,1,1,2007,2007,1600,1,1,2,-1
218911,2,1,3918,2006,1800,1,1,2,-1
218918,1,1,2907,2006,1600,1,1,2,-1
218919,1,1,3206,2007,1600,1,1,2,-1
218919,2,1,3107,2006,1600,1,1,2,-1
218951,1,1,2502,2005,1600,1,1,2,-1
218976,1,1,1602,2007,1400,1,1,2,-1
218976,2,4,3918,2000,1400,1,1,2,-1
218977,1,1,3918,2008,1600,1,1,2,-1
218977,2,1,3903,2007,1100,1,1,2,-1
219004,1,1,3904,1998,1600,1,2,2,-1
100487,1,1,803,1997,1500,1,1,2,-1
101914,1,1,3913,1997,800,1,1,2,-1
102935,1,1,3904,2000,1600,1,1,2,-1
103201,1,1,1605,2005,1800,1,1,2,-1
103330,1,1,4104,1981,1300,1,2,2,-1
118735,1,1,3911,2006,1300,1,1,2,-1
109984,1,1,3909,2006,2000,2,1,2,-1
110066,1,1,3801,2005,1800,1,1,2,-1
116161,1,1,2009,2006,1300,1,1,2,-1
123376,1,1,4005,2004,1600,1,1,2,-1
127658,1,1,3103,2005,1600,1,1,2,-1
200077,1,1,1410,2000,1500,1,1,2,-1
201098,1,1,1602,2008,1600,1,1,2,-1
201354,1,1,1310,1993,1100,1,2,2,-1
201393,1,1,2607,1993,5000,2,2,2,-1
202349,1,1,4003,1992,1800,1,2,2,-1
202384,1,1,2912,2006,3000,2,1,2,-1
202543,1,1,712,2009,1600,1,1,2,-1
202992,1,1,4005,2006,1600,1,1,2,-1
203276,1,1,2605,1995,2700,1,1,2,-1
203491,1,1,1501,1993,2000,1,2,2,-1
204999,1,1,524,2010,1400,1,1,2,-1
205803,1,1,805,2000,800,1,1,2,-1
206033,1,1,2007,2007,1100,1,1,2,-1
206035,1,1,506,2005,1400,1,1,2,-1
206036,1,1,3912,1996,2000,1,1,2,-1
206055,1,1,2910,2006,1800,1,1,2,-1
207770,1,1,2006,2008,2300,2,1,2,-1
207007,1,1,2515,2000,1500,1,1,2,-1
207824,1,1,1403,2006,2300,2,1,2,-1
207478,1,1,2012,2007,3000,1,1,2,-1
207605,1,1,1413,2005,2400,1,1,2,-1
209671,1,1,4103,2008,2100,1,1,2,-1
209672,1,1,1602,2009,1600,1,1,2,-1
210528,1,1,1614,1998,1800,1,2,2,-1
118730,1,1,1304,1981,600,1,2,2,-1
118730,2,1,2401,2009,1600,1,1,2,-1
119246,1,1,2804,2000,1600,1,1,2,-1
119246,2,1,2502,2008,1800,1,1,2,-1
119254,1,1,1602,2008,1600,1,1,2,-1
119254,2,1,521,2007,1006,1,1,2,-1
201360,1,1,3103,2003,1600,1,1,2,-1
201360,2,1,3904,1999,1600,1,1,2,-1
203040,1,1,1612,2010,2800,1,1,2,-1
203040,2,1,2201,1993,1200,1,2,2,-1
204413,1,1,903,1993,1300,1,1,2,-1
204413,2,1,517,1990,1600,1,2,2,-1
206056,1,1,517,1993,2000,1,2,2,-1
206056,2,1,3110,1991,1600,1,1,2,-1
500009,35,1,3106,2009,1600,1,1,2,2
500038,36,1,4005,2005,1500,1,1,2,2
500228,2,1,4108,1998,1400,1,1,2,2
501055,21,1,3110,2004,1600,1,1,2,2
501068,24,3,517,1994,2300,1,1,2,2
501071,42,1,1602,2005,1600,1,1,2,2
501718,10,1,4005,2008,1600,1,1,2,2
501739,11,5,3915,1986,1100,1,2,2,2
502918,37,3,2901,1996,2300,1,1,2,2
502966,33,3,4003,1999,2300,1,1,2,2
502966,34,1,2910,1993,1600,1,1,2,2
503082,32,1,4005,2008,1600,1,1,2,2
503084,29,1,1602,2007,1600,1,1,2,2
503090,30,1,714,1996,1400,1,1,2,2
503090,31,1,4110,2010,1600,1,1,2,2
503113,25,3,508,1990,2300,2,2,2,2
503113,26,3,1413,1999,2400,1,1,2,2
503113,27,3,2805,2004,2400,2,1,2,2
503114,28,1,1602,2007,1600,1,1,2,2
503155,31,3,4003,1999,2000,1,1,2,2
503202,26,1,3110,1994,1800,1,2,2,2
503207,25,1,2804,2011,1500,1,1,2,2
503230,22,1,3405,2009,1800,2,1,2,2
503235,20,1,2910,1996,1600,1,1,2,2
503235,21,3,1616,2008,2000,1,1,2,2
503527,18,1,907,2004,1300,1,1,2,2
503615,13,1,4601,2011,1800,1,1,2,2
503615,14,2,4801,2008,125,1,2,2,2
503653,10,1,3802,1999,1600,1,1,2,2
503659,11,1,3802,1999,2500,1,1,2,2
503678,12,1,3206,1996,1600,1,1,2,2
503679,16,1,3104,2006,1600,1,1,2,2
503732,39,1,706,2009,1600,1,1,2,2
503732,40,1,3104,2010,1800,1,1,2,2
22502309,128,3,3910,2007,1600,1,1,2,2
22502310,129,1,4006,2000,1600,1,2,2,2
22502310,130,2,4801,2012,125,1,1,2,2
22502318,48,5,704,2003,1300,2,2,2,2
22502319,49,1,2917,2010,1100,1,1,2,2
22502319,50,1,3909,2011,2500,1,1,2,2
22502322,55,3,3909,2007,2000,2,1,2,2
22502323,56,1,3904,1999,1600,1,2,2,2
23414406,20,1,4006,2012,1400,1,1,2,2
23414408,21,1,3919,2008,2600,1,1,2,1
23414409,22,1,3802,2004,1800,1,1,2,1
23414409,23,3,4006,2010,2000,1,1,1,1
23414410,24,3,2805,2005,2500,2,1,2,2
23414410,25,3,1408,2002,4200,1,1,1,2
23414412,138,3,3908,2011,1600,1,1,2,2
23414412,139,5,3116,2008,1600,2,1,1,2
23430402,77,1,3304,2008,1600,1,1,2,1
23430404,81,1,2513,2000,1600,1,1,2,2
23430405,82,6,1101,1999,2400,1,1,2,2
23430405,83,1,2013,2007,2000,1,1,2,1
24468004,100,3,1109,2011,3700,1,1,1,2
24468004,101,3,1107,2011,2400,1,1,2,2
24468004,102,1,1410,2011,1600,1,1,2,2
24468005,124,1,6901,2009,1400,2,1,2,2
24468005,125,1,3108,2011,1600,2,1,2,2
24468005,126,3,1413,2009,2800,2,1,1,2
26414501,89,5,1609,1998,2400,2,1,2,2
26414502,90,1,513,2007,1600,1,1,2,2
26414502,91,1,1608,2010,1400,1,1,2,2
26414503,115,7,2609,2007,3700,2,1,2,2
26414504,96,1,1602,2006,1600,1,1,2,2
26414505,97,1,3801,2007,1600,1,1,2,2
26414505,98,1,513,2006,1600,1,1,2,2
26414505,99,1,3206,2006,1600,1,1,2,2
26426801,137,1,2910,1996,1600,1,1,2,2
26441503,146,4,2003,2001,3000,2,1,1,2
26441503,147,4,2003,2002,2700,2,1,1,2
26448603,109,1,3802,1996,1600,1,2,2,2
26448604,110,3,1413,2011,2000,1,1,2,2
26448605,111,1,4005,2007,1500,1,1,2,2
26448607,131,1,3108,2009,1600,1,1,2,1
26448608,142,5,2003,2007,3200,2,1,1,2
26448609,143,1,1616,2007,1500,1,1,2,2
26448610,144,5,3919,1983,1000,1,2,2,2
27404401,1,1,907,2010,1700,1,1,2,2
27404401,2,1,4005,2010,1600,1,1,2,1
27404402,3,1,3802,1993,2500,1,2,2,2
27404403,6,1,524,2011,1200,1,1,2,2
28424103,68,1,804,1996,1600,1,1,2,2
28425701,69,1,2512,1982,1500,1,2,2,2
28428303,65,1,1309,2005,1300,1,1,2,2
28452503,61,1,513,2008,1600,1,1,2,2
28452504,84,1,513,2005,1700,2,1,2,2
28452505,66,1,3204,1978,1500,2,2,2,2
28452507,136,1,2914,1994,1600,1,2,2,2
29436102,94,1,1602,2010,1600,1,1,2,2
29441602,90,1,1602,1998,1800,1,2,2,2
29441603,91,3,3918,1992,1600,1,2,2,2
29441603,92,3,3914,1988,1300,1,2,2,2
29448301,89,1,2203,1989,2200,1,2,2,2
29459703,66,1,513,2001,16,1,1,2,2
29477102,72,1,3114,1997,13,1,2,2,2
29640901,68,3,517,2000,20,1,1,2,2
29640903,69,1,2008,2002,12,1,1,2,2
29640904,70,1,1602,2011,16,1,1,2,2
29640909,74,1,517,2000,20,1,1,2,2
30445701,19,1,1412,2003,13,1,1,2,2
30445701,20,1,4005,2005,16,1,2,2,2
30445702,9,3,4006,2000,24,2,2,2,2
30445704,10,3,1619,1994,24,2,2,2,2
30445705,11,3,517,1992,20,2,2,2,2
30445710,17,1,804,1995,18,1,1,2,2
30453006,21,1,2004,1996,20,1,1,2,2
30473101,6,1,506,2008,1,1,1,2,2
30473101,7,1,2914,1993,16,1,2,2,2
30473105,24,3,517,1993,23,1,2,2,2
30640501,82,1,3904,2001,16,1,1,2,2
30640505,65,1,4106,2005,16,1,1,1,1
30640509,66,1,3903,2011,11,1,1,2,2
30640529,90,1,1602,2000,16,1,1,2,2
30640530,73,1,1602,1996,16,1,1,2,2
30640534,85,1,4005,2005,16,1,1,1,2
30640541,87,1,4004,1993,15,1,2,2,2
30640541,88,1,4005,2011,16,1,1,2,2
30640544,89,1,4004,2005,16,1,1,1,2
30640546,86,6,3115,2000,20,2,1,1,2
30640547,75,1,3904,2001,16,1,1,2,2
30640549,76,3,517,1984,16,1,2,2,2
44592801,26,1,529,2011,23,1,1,2,2
44592802,27,1,705,2010,16,1,1,2,2
44603206,25,1,3103,2007,16,1,1,2,2
44603207,24,1,2512,1994,16,1,2,2,2
44603211,18,1,2914,1999,16,4,1,2,2
44603221,65,1,4004,1996,16,1,1,2,2
44617002,10,3,517,1995,23,1,1,2,2
44617005,12,1,3802,1990,18,1,2,2,2
44617008,15,5,1306,1995,15,1,2,2,2
44617015,14,1,3904,1997,18,1,1,2,2
44617016,13,3,3914,1999,22,1,1,2,2
92522501,120,1,2002,1998,1500,1,1,2,2
92522503,122,3,2905,2010,2500,2,1,1,1
92522504,123,5,2916,1997,2000,1,2,2,2
92522505,63,1,504,2008,1600,1,1,2,2
92522505,64,1,2914,1998,1600,1,1,2,2
92522507,58,3,517,2003,2300,1,1,2,2
92522508,65,1,519,1995,1600,1,2,2,2
92522509,145,1,3114,1990,2000,2,2,2,2
92529502,42,1,2914,1994,16,1,2,2,2
92529504,43,1,1614,2011,16,1,1,2,2
92529505,44,1,504,1993,13,1,2,2,2
92529506,45,1,2910,1998,16,1,1,2,2
92529507,46,1,3902,2004,16,1,1,2,2
92529508,47,1,2513,1999,20,1,1,2,2
92529509,48,1,506,2010,16,1,1,2,2
92529509,71,2,6201,2002,750,1,2,2,2
92529510,55,1,2007,2007,13,1,1,2,2
92529511,56,1,519,1990,16,1,2,2,2
92529512,57,1,3106,2000,16,1,1,2,2
92529601,51,1,1602,2002,16,1,1,2,2
92529602,34,1,4005,2004,15,1,1,2,2
92529604,61,3,3116,2004,24,2,1,2,2
92529605,35,1,4002,1994,16,1,2,2,2
92529607,36,1,510,1999,22,1,1,2,2
92529609,52,3,2916,2011,24,2,1,1,2
92529612,37,1,2007,2008,11,4,1,2,2
92529613,38,1,1619,2007,24,2,1,2,2
92529614,39,1,506,2007,16,1,1,2,2
92529616,40,1,1602,2001,16,1,2,2,2
92529618,53,1,516,1991,15,1,2,2,2
107508102,22,1,4005,2006,15,1,1,2,2
107508102,23,1,512,2004,17,2,1,2,2
107513402,25,1,2914,1995,16,1,1,2,2
600057,113,1,513,2001,1600,1,1,2,2
600093,53,3,517,1996,2400,1,1,2,2
600207,4,1,3206,2009,1600,1,1,2,2
600251,6,1,2007,2009,1600,1,1,2,2
600328,13,3,517,1999,2300,2,1,2,2
600344,4,1,4004,1999,1600,1,1,2,2
600344,5,1,2009,2008,1600,1,1,2,2
600349,3,1,1605,1998,1600,1,1,2,2
600430,7,1,2914,2007,1600,1,1,1,2
600438,6,1,4005,2006,1600,1,1,2,2
600474,3,1,3202,1982,1300,1,2,2,2
600567,21,1,513,2000,1600,1,1,2,2
600573,19,3,517,1993,2600,2,2,2,2
600577,20,1,4005,2011,1500,1,1,2,2
600601,12,1,2911,1992,1600,1,2,2,2
600601,13,1,2914,2006,1600,1,1,2,1
600602,10,1,4401,1980,1800,1,2,2,2
600618,15,1,2204,1995,1200,1,2,2,1
600623,22,1,1602,2010,1600,1,1,2,2
600655,11,1,3003,2004,1600,1,1,2,2
600656,14,8,5601,2008,1000,1,1,1,2
600690,17,1,2005,2010,1600,1,1,2,1
600690,18,3,1413,1995,2300,1,1,2,2
600692,23,1,1307,2005,1600,1,1,2,2
600692,24,1,524,2008,1500,1,1,2,2
600706,33,1,1613,2000,2000,1,1,2,2
600734,15,1,3204,1985,1300,1,2,2,2
600746,12,1,3304,2011,1600,1,1,2,2
600828,16,3,2510,2010,2300,2,1,2,2
600833,11,1,2004,2004,2000,2,1,2,2
600838,21,1,4105,1990,1600,1,1,2,2
600882,18,1,1410,2010,1600,1,1,2,2
600906,17,1,1602,2009,1600,1,1,2,2
600913,19,1,4005,2007,1300,1,1,2,1
600913,20,3,5901,1987,2300,1,2,2,2
600915,7,1,3802,2000,2500,1,1,2,1
600915,8,3,523,2007,5300,1,1,2,1
600915,9,1,1619,2004,2000,1,1,2,2
600930,10,1,3204,1989,1400,1,2,2,2
600975,24,1,3902,2001,1600,1,1,2,2
601025,23,1,803,1995,1600,1,1,2,2
601027,22,1,4005,2007,1600,1,1,1,2
601041,27,1,1602,2011,1600,1,1,2,2
601135,44,1,2914,1993,1300,1,1,2,2
601217,25,1,2910,2010,2600,1,1,2,2
601217,26,1,513,2010,1600,1,1,2,2
601330,43,1,2502,2009,1600,1,1,2,2
601710,110,1,4004,2010,1500,1,1,2,2
601991,177,1,3106,2006,1400,1,1,2,2
602081,31,1,2008,2000,800,1,1,2,2
602081,32,1,2008,2000,800,1,1,2,2
602097,41,3,1413,1996,2300,1,1,2,2
602097,42,1,4108,2001,1400,1,1,2,2
602100,33,1,513,2004,1300,1,1,2,2
602119,36,1,4104,1982,800,1,2,2,2
602129,40,1,1412,2004,1600,1,1,2,2
602131,35,1,2910,1993,15000,1,2,2,2
602164,173,1,2601,2007,1600,1,1,2,2
602164,174,2,1502,2008,150,1,1,2,2
602168,175,3,2905,2010,2500,2,1,1,1
602168,176,1,513,2007,1600,1,1,2,1
602225,27,3,1403,2005,2000,1,1,2,2
602264,152,1,506,2011,1400,1,1,2,2
602264,153,1,521,2008,2000,2,1,2,2
602264,154,1,1403,1996,1600,1,1,2,2
602266,183,3,2516,2002,2000,1,1,2,2
602277,157,1,2601,2008,1600,1,1,2,2
602277,158,1,3920,2011,1000,1,1,2,2
602284,159,3,2013,2000,2000,1,1,2,2
602336,38,3,517,1990,3200,1,2,2,2
602360,39,1,2601,2008,1600,1,1,2,2
602369,28,3,517,1993,2000,1,2,2,2
602372,30,1,808,1995,1600,1,1,2,2
602377,29,1,2914,1979,1600,1,2,2,2
602387,166,1,4002,2002,1600,1,1,2,1
602387,167,3,529,2009,1600,1,1,2,1
602395,165,3,2516,2000,2000,1,1,2,2
602563,92,1,2910,1997,1600,1,1,2,2
602563,93,1,1403,2012,1600,1,1,2,2
602569,89,3,3915,2010,1600,1,1,2,2
602571,98,1,2601,1990,3000,1,2,2,2
602599,94,1,2801,2000,1800,1,1,2,2
602599,95,3,4003,2011,3000,2,1,2,2
602694,104,1,1501,2011,1800,1,1,2,2
602738,103,1,2512,2002,2000,1,1,2,2
602991,99,1,4004,1997,1600,1,1,2,2
602998,100,1,3906,2008,1100,1,1,2,2
602998,101,3,2303,2008,2000,1,1,2,2
603026,145,1,506,2009,1600,1,1,2,2
603037,146,1,3915,2011,1400,1,1,2,2
603037,147,1,3211,2011,1400,1,1,2,2
603037,148,1,3211,2011,1600,1,1,2,2
603042,151,1,1619,2011,2000,1,1,2,1
603044,132,3,4701,2010,2000,1,1,2,2
603053,141,1,2601,1997,3000,1,1,2,2
603053,142,3,3918,1998,1600,1,1,2,2
603064,178,1,4004,1998,1500,1,1,2,2
603064,179,1,2601,1987,3000,1,2,2,2
603079,41,1,513,2009,1600,1,1,2,2
603091,39,1,513,2002,1600,1,1,2,2
603091,40,3,1413,2007,2000,1,1,2,2
603094,26,1,4004,1997,1500,1,1,2,2
603099,27,1,3305,2011,2000,1,1,2,2
603118,25,1,4005,2011,2011,1,1,2,2
603126,29,1,2009,2010,1300,1,1,2,2
603133,164,1,2013,2003,2000,2,1,2,1
603133,165,1,1614,1997,2200,1,1,2,2
603133,166,1,1619,1984,1200,1,2,2,2
603134,162,1,506,2007,1400,1,1,2,1
603134,163,1,712,2001,1600,1,1,2,2
603149,48,1,1605,2002,1600,1,1,2,2
603149,49,1,2908,2000,2000,1,1,2,2
603154,50,1,2012,2009,2000,1,1,2,1
603159,47,1,529,2010,1600,1,1,2,2
603188,51,1,2914,2006,1600,1,1,2,2
603193,35,1,2601,2009,1600,1,1,2,2
603204,36,1,517,2006,2000,1,1,2,2
603223,38,1,1616,2009,1800,1,1,2,2
603227,44,1,513,2007,1600,1,1,2,2
603232,45,3,6701,2011,2000,2,1,2,2
603235,46,1,1403,2005,1600,1,1,2,2
603243,30,1,706,2010,1800,2,1,2,2
603243,31,3,2906,1999,3400,1,1,2,2
603248,33,1,706,2008,1600,1,1,2,2
603248,34,1,506,2009,1800,1,1,2,2
603264,32,1,3304,2008,2600,1,1,2,2
603268,132,1,529,2006,3500,1,1,2,2
603268,133,3,2912,2005,2400,1,1,2,2
603288,129,3,3918,1998,2000,1,1,2,2
603288,130,3,1405,2009,4000,1,1,2,2
603288,131,3,515,2009,3000,2,1,2,2
603304,115,3,1306,1998,1600,1,1,2,2
604540,2,1,2204,1993,1300,1,2,2,2
604571,18,1,2914,1994,1600,1,2,2,2
604571,19,1,4401,1981,1500,1,2,2,2
604575,21,1,1602,2001,1500,1,1,2,2
604581,20,1,1310,1997,1500,1,2,2,2
604586,22,1,1404,1997,1600,1,1,2,2
604609,50,3,1509,2000,1600,1,1,2,2
604611,51,3,529,2006,2000,1,1,2,2
604648,20,1,1308,1997,1000,1,1,2,1
604679,126,1,101,2007,1800,1,1,2,2
604679,127,1,4005,2010,1600,1,1,2,2
604680,125,1,513,2006,1800,1,1,2,1
604697,123,1,1607,2003,2900,2,1,2,1
604697,124,1,3103,2006,1800,1,1,2,2
604727,153,1,1605,1998,1600,1,1,2,2
604731,154,1,2601,2008,1600,1,1,2,2
604740,150,1,3802,2005,1600,1,1,2,2
604740,151,1,101,2008,1700,1,2,2,2
604744,112,1,2916,1998,2000,1,1,2,2
604744,113,3,4006,2005,2500,2,1,2,2
604760,114,1,509,2011,2000,1,1,2,2
604764,115,3,1616,2008,2000,1,1,2,2
604766,116,1,3903,2011,1000,1,1,2,2
604787,108,3,2803,2008,2000,2,1,2,2
604792,111,3,3401,2010,2000,2,1,2,2
604817,146,1,1605,1998,1800,1,1,2,2
604817,147,3,1102,2011,4800,1,1,2,2
604847,143,1,4006,1982,1800,1,2,2,2
604847,144,2,7601,2009,200,1,1,2,2
604850,145,1,2009,2008,1600,1,1,2,2
604855,141,1,3103,2005,1300,1,1,2,2
604855,142,1,1107,2010,2400,1,1,2,2
604858,107,1,1619,2009,2000,1,1,2,1
604864,103,1,4002,2011,1600,1,1,2,1
604889,47,1,3304,2011,1600,1,1,2,2
604913,35,1,4004,1996,16000,1,2,2,2
604913,36,3,3909,2010,2000,1,1,2,2
604929,33,3,2805,1995,2800,2,2,2,2
604929,34,1,3906,1981,800,1,2,2,2
604944,37,1,1605,1997,1800,1,2,2,2
604957,49,1,3103,2010,1400,1,1,2,1
604973,30,1,2008,1998,1000,1,1,2,2
604973,31,1,524,2010,1100,1,1,2,1
604982,32,1,529,2012,1400,1,1,2,2
605012,8,1,2917,2010,1500,1,1,2,2
605018,60,3,1408,2008,4700,1,1,2,2
605039,64,1,4002,2008,1600,1,1,2,2
605041,61,3,1801,2005,3700,1,1,2,2
605041,62,3,529,1996,4500,1,2,2,1
605059,5,1,1307,2007,1500,1,1,2,2
605066,54,1,4601,2010,1300,1,1,2,1
605067,43,1,4004,1998,1600,1,1,2,2
605079,44,1,2914,2010,1600,5,1,2,2
605090,45,1,511,1993,1400,1,2,2,2
605099,46,1,804,2000,1500,1,1,2,2
605102,53,1,3206,2004,1600,1,1,2,2
605108,24,3,5301,2011,1100,1,1,2,2
605120,27,1,4110,2011,2000,1,1,2,2
605122,25,1,516,1991,1500,1,2,2,2
605125,26,1,711,2004,1800,1,1,2,2
605140,68,1,1108,2008,2000,1,1,2,1
605140,69,1,4103,2009,1600,1,1,2,2
605147,73,1,1403,2005,1600,1,1,2,2
605147,74,3,3401,2011,2000,2,1,2,2
605148,67,3,511,2008,1500,1,1,2,2
605154,70,3,1413,2011,2400,1,1,2,2
605168,71,1,3111,1992,1400,1,2,2,2
605195,75,2,6401,2011,125,1,1,2,2
605198,55,3,2901,2008,2400,1,1,2,2
605199,56,1,506,2009,1400,1,1,2,2
605212,58,3,515,2007,2000,2,1,2,2
605212,59,3,4701,2011,2000,2,1,2,2
605215,29,1,3919,2008,1600,1,1,2,2
605220,72,3,3909,2004,2000,1,1,2,2
605250,170,1,3904,1997,1500,1,1,2,2
605255,169,1,504,1995,1400,1,1,2,2
605262,28,4,1618,2006,2000,2,1,2,2
605268,171,1,3116,2011,1400,2,1,2,2
605268,172,3,1409,2012,3500,1,1,2,2
605281,38,1,528,2005,1600,1,1,2,2
605284,48,1,4004,1995,1500,1,1,2,2
605328,3,1,2910,1998,1500,1,2,2,2
605342,2,1,4005,2008,1500,1,2,2,2
605394,109,1,1310,1993,1500,1,2,2,2
605401,110,1,1602,2009,1400,1,1,2,1
605413,103,1,2004,2011,1800,2,1,2,2
605413,104,1,524,2009,1200,1,1,2,2
605417,101,1,3115,2006,1600,1,1,2,2
503735,38,1,3206,2000,1600,1,1,2,2
504130,43,1,3113,1990,13,1,2,2,2
504175,11,3,3405,2005,2500,2,1,2,2
504175,12,3,2906,2005,2800,2,1,1,2
504431,38,1,2914,2002,16,1,1,2,2
507565,39,1,506,2005,1400,1,1,2,2
507565,40,3,2012,2011,2200,2,1,2,2
507622,46,1,3106,2003,1600,1,1,2,2
507654,44,3,3909,2004,4000,2,1,2,2
507662,45,3,3206,1992,1300,1,2,2,2
507674,35,1,1612,2009,2200,1,1,2,2
507681,37,1,3802,1996,1900,1,2,2,2
507681,38,3,1615,2006,2000,2,2,2,2
507709,36,1,513,2000,1600,1,2,2,2
507812,53,3,517,1989,1600,1,1,2,2
508083,51,1,3802,1998,1300,1,2,2,2
508097,52,1,903,1998,1400,1,1,2,2
508973,106,1,511,1977,3800,1,2,2,2
508973,107,1,1415,1997,3500,1,2,2,2
509185,85,3,2912,2004,2400,1,1,2,2
509223,86,1,3206,1992,1300,1,2,2,2
509229,104,1,3902,2005,1600,1,1,2,2
509229,105,3,4003,2008,2500,2,1,2,2
509254,94,1,803,1997,1700,1,1,2,1
509266,135,1,2907,2008,1600,1,1,2,2
509285,117,1,2009,2001,1500,1,1,2,2
509285,118,2,1509,2008,125,1,2,2,2
509294,114,3,517,1989,2400,2,2,2,2
509300,108,1,3913,2012,1600,1,1,2,2
509313,119,5,2916,1997,1400,1,2,2,2
509318,140,1,2917,2011,1100,1,1,2,2
509624,113,1,2911,1991,1300,1,2,2,2
509630,141,1,3903,1996,1000,1,1,2,2
509650,92,1,3106,2000,1500,1,1,2,2
509652,95,6,2006,2008,2700,2,1,2,2
509675,9,1,3112,2007,2000,1,1,2,2
509675,10,3,517,2005,2800,1,2,2,2
509681,4,1,1403,2004,2000,1,1,2,1
509681,5,1,5701,1989,2000,1,1,2,2
509759,59,1,1608,2010,1400,1,1,2,2
509760,60,1,1612,2008,2700,1,1,2,2
509799,63,3,3908,2000,1300,1,1,2,2
509801,73,1,1602,2010,1500,2,1,2,1
509801,74,1,1602,2004,1400,1,1,2,2
509801,75,1,513,2006,1600,1,1,2,2
509801,76,1,1610,1981,1200,1,2,2,2
509805,62,5,1106,1999,3300,1,1,2,2
509984,70,1,2914,1996,1100,1,1,2,2
509985,67,1,805,2003,1500,1,1,2,2
509995,71,1,803,1996,1500,1,1,2,2
509995,72,1,504,2000,1800,1,1,2,1
510190,96,1,4004,1997,1600,1,1,2,2
510207,95,3,517,2002,2000,2,1,2,2
510454,88,1,2916,1989,1800,1,2,2,2
511414,13,3,1306,1995,15,1,1,2,2
511587,18,1,3211,1971,13,1,2,2,2
511795,8,1,4005,2008,1,1,1,2,2
511818,5,1,529,2006,16,1,1,2,2
512343,80,1,4005,2005,16,1,1,2,2
512557,78,1,1303,1980,11,1,2,2,2
512560,79,1,2914,2007,16,1,1,2,2
512730,72,1,2910,1991,16,1,2,2,2
512755,77,1,1307,2005,13,1,1,2,2
514742,28,1,1602,2008,16,2,1,2,2
514750,54,3,2516,1992,20,2,2,2,2
514986,30,3,517,2007,20,1,1,2,2
515205,39,1,3902,2003,1600,1,1,2,2
516760,58,3,2916,2010,2500,2,1,2,2
516760,59,3,2916,2008,3000,1,1,2,2
516760,60,1,1403,2007,4600,1,1,2,2
516764,56,1,516,1991,1500,1,2,2,2
516764,57,1,510,1996,2400,1,1,2,2
516778,54,1,4002,2004,1600,1,1,2,2
516780,52,1,3106,2009,1800,1,1,2,2
516780,53,1,2512,2010,1800,1,1,2,2
516801,49,1,513,2006,1600,1,1,2,2
516985,77,1,4005,2007,1500,1,1,2,2
516993,76,3,2916,2002,2300,1,1,2,2
517046,85,1,513,2009,1600,1,1,2,2
517050,81,1,524,2009,1500,1,1,2,2
517050,82,1,528,2007,1800,1,1,2,2
517054,84,1,2913,2009,1600,1,1,2,2
517142,87,1,3208,2007,1600,1,1,2,2
517142,88,1,3206,2004,1600,1,1,2,2
518242,73,1,3113,1985,1800,1,2,2,2
518255,102,1,1309,2001,1300,1,1,2,2
518264,103,1,101,2011,1600,1,1,2,2
518287,100,3,4003,2000,2300,1,2,2,2
518287,101,1,1310,2005,1000,1,1,2,2
518289,99,1,529,1990,1600,1,2,2,2
518395,56,3,5201,2009,2300,1,1,2,2
518417,57,2,3915,2002,250,1,1,2,2
518652,87,1,513,2000,1600,1,1,2,2
518882,98,3,6501,2000,1800,1,1,2,2
518899,25,1,3116,2005,1800,1,1,2,2
518904,23,1,3206,1996,1200,1,1,2,2
519278,22,1,3102,1991,1400,1,1,2,2
519475,31,3,2516,1999,2200,1,1,2,2
519484,32,1,524,2006,1100,1,1,2,2
520607,67,1,1403,2011,1600,1,1,2,2
520618,66,1,5001,1985,3200,1,2,2,2
520831,65,1,4005,2005,1500,1,2,2,2
520845,68,1,1615,2006,1800,2,1,2,2
520939,70,1,903,1991,1300,1,2,2,2
520945,54,3,2803,2003,2500,2,1,2,2
521451,43,1,504,2003,1600,1,1,2,2
522301,49,1,3919,2008,1600,1,1,2,1
522306,50,1,3208,2011,1600,1,1,2,2
522317,51,1,3913,2006,800,1,1,2,2
524345,3,1,2914,2006,1600,1,1,2,2
524479,8,1,524,2006,850,1,1,2,2
524479,9,3,4003,1992,1500,2,2,2,2
524480,5,1,1607,1998,2500,2,2,2,2
524482,6,1,2502,2001,1600,1,1,2,2
524490,7,1,4104,2010,1600,1,1,2,2
524570,1,1,807,1993,1500,1,1,2,2
524613,14,1,3304,2011,1600,1,2,2,2
524614,10,1,521,2005,1600,1,1,2,2
524770,5,1,506,2011,1400,1,1,2,2
524779,34,7,2609,1992,4000,2,2,1,2
524784,22,8,1619,2000,0,2,1,1,1
524938,78,1,1410,1997,1600,1,2,2,2
524944,79,1,4005,2009,1600,1,1,2,2
525204,3,1,516,1990,1600,1,2,2,2
525208,11,3,4501,2011,2500,1,1,2,2
525237,27,1,1306,2008,1200,1,1,2,2
525245,1,1,4105,2001,1800,1,2,2,2
525245,21,1,513,2002,1600,1,1,2,2
525254,4,3,1405,2011,0,1,1,2,2
525307,7,3,511,1981,1200,1,2,2,2
525308,8,3,1102,1996,3900,1,2,2,2
525310,6,1,3904,2001,1600,1,1,2,2
525321,9,1,2910,2008,1800,1,1,2,2
525321,10,3,3909,2000,2000,1,1,2,2
525500,11,1,504,1997,1400,1,1,2,2
525519,12,1,1606,2007,1800,1,1,2,2
525519,13,1,3116,1998,1100,1,1,2,2
525533,111,1,2914,1999,1600,1,1,2,2
525537,112,1,4002,1997,1600,1,1,2,2
525692,107,1,3802,2008,1800,1,1,2,2
525692,123,1,1602,2006,1600,1,1,2,2
526361,5,1,521,2009,1600,1,1,2,2
526411,4,1,1307,2004,1300,1,1,2,2
526444,3,3,517,1995,1600,1,2,2,2
526466,2,1,3802,1992,1800,1,2,2,2
526481,6,1,1605,1998,1800,1,1,2,2
526530,34,5,3915,2008,1600,1,1,2,2
526593,33,1,4002,1978,1600,1,2,2,2
526670,4,1,3913,1982,20,1,2,2,2
526677,7,1,3004,1995,14,1,1,2,2
526678,8,1,502,1992,18,1,2,2,2
526689,3,1,3802,1994,18,1,2,2,2
526697,2,5,3913,1983,20,1,2,2,2
526719,23,1,1602,2010,16,1,1,2,2
526744,5,1,4005,2007,16,2,1,2,2
526744,6,1,1619,2005,20,1,1,2,2
526754,1,3,517,1982,20,2,2,2,2
526779,20,1,3913,2010,16,1,1,2,2
526779,21,3,517,2000,23,1,1,2,2
526792,22,1,3211,1998,19,2,1,2,2
526907,11,1,4005,2010,16,1,1,2,2
526917,6,1,504,1985,14,1,1,2,2
526927,7,1,2917,2011,10,1,1,2,2
526946,8,1,4005,2007,12,1,1,2,2
526946,9,2,1509,2008,125,1,2,2,2
526953,4,1,2914,1992,14,1,2,2,2
526963,5,1,1403,2004,16,1,1,2,2
526964,10,1,1607,1997,23,1,2,2,2
526973,3,1,1308,2000,12,1,2,2,2
527069,63,1,1602,2003,16,1,1,2,2
527081,1,1,3202,1981,12,1,2,2,2
527085,2,1,513,2007,16,1,2,2,2
527246,14,1,513,2004,16,1,1,2,2
527250,15,1,506,2008,15,1,1,2,2
527258,33,1,3904,2000,16,1,1,2,2
527259,31,1,2916,1997,16,1,2,2,2
527264,32,1,2914,2009,16,1,1,2,2
527265,29,3,2912,1999,26,1,2,2,2
527265,30,1,3904,2000,16,1,1,2,2
527283,13,1,2801,2006,24,1,1,2,2
527290,16,1,4004,2002,18,1,1,2,2
527425,32,1,4004,2005,16,1,1,2,2
527434,41,1,4004,2000,16,1,1,2,2
528545,22,1,3909,2008,25,1,1,2,2
528547,20,1,1602,2004,15,1,1,2,2
528547,21,4,4901,1997,27,2,2,2,2
528552,19,1,1605,2005,16,1,1,2,2
528556,18,1,4006,2010,20,1,1,2,2
528633,24,1,2914,1998,16,1,1,1,2
528648,17,1,2914,1993,16,1,1,2,2
528658,69,1,1602,2004,16,1,1,2,2
528676,25,1,2914,1995,16,1,2,2,2
528893,28,1,3911,2006,16,1,1,2,2
531086,60,1,713,2008,16,1,1,2,2
531851,4,3,1413,2001,24,1,1,2,2
531909,1,1,4005,2007,15,1,1,2,2
531940,3,3,517,2000,24,2,1,2,2
531940,12,1,1412,2005,14,1,1,2,2
531980,2,1,2914,2000,15,1,1,2,2
532032,26,1,2914,2000,16,1,1,2,2
4400002,4,1,513,1999,1600,1,1,2,2
4400202,5,2,6601,2008,250,1,1,2,2
4400203,6,3,515,2006,3000,2,1,2,2
4400203,7,3,1619,2011,3500,2,1,2,1
4400204,8,1,4005,2011,1500,1,1,2,2
4401502,3,2,1509,2009,200,1,1,2,2
7401207,12,1,2910,1998,1600,1,1,2,2
7401213,13,3,907,1990,2500,2,2,2,2
7401216,14,3,517,1998,2300,1,1,2,2
8413401,17,3,1306,1991,1300,1,2,2,2
8413402,18,1,3904,1999,1600,1,1,2,2
8413403,20,1,510,1988,1500,1,2,2,2
8414704,22,5,3915,1982,1300,1,2,2,2
12477501,32,6,4110,2009,2000,1,1,2,2
12506702,27,1,1410,2006,1600,1,1,2,2
12506703,28,1,3304,2010,1600,1,1,2,2
12520001,29,3,3401,2009,2000,2,1,2,2
12520002,30,1,1602,2009,1600,1,1,2,2
13505302,19,1,513,2007,1600,1,1,2,2
13510403,61,1,4005,2005,1600,1,1,2,2
13510404,55,1,2914,2000,1600,1,1,2,2
15528601,15,1,1307,1992,1600,1,2,2,2
15536702,17,5,3211,2006,1900,2,1,2,2
16545602,47,1,2914,1996,1600,1,1,2,2
18512303,7,1,2009,2003,1600,1,1,2,2
20409801,7,1,2916,2011,2500,1,1,2,1
20409801,8,1,1101,2006,2600,1,1,2,1
21511902,37,5,512,2008,13,2,1,2,2
21511903,39,1,2013,2000,20,1,1,2,2
21511904,40,1,513,2000,16,1,1,2,2
21511906,41,1,4005,2010,16,1,1,2,2
21511909,42,1,3902,2005,16,1,1,2,2
21511914,52,1,513,2008,16,1,1,2,2
21511914,53,1,4401,1998,13,1,2,2,2
21511921,76,3,517,2004,28,2,1,2,2
21511932,77,1,1608,2010,16,1,1,2,2
21511932,78,3,4401,1982,18,1,2,2,2
21511933,79,1,1602,2002,16,1,1,2,2
21511939,84,1,511,1991,16,1,2,2,2
21511942,85,1,1612,2011,16,1,1,2,2
21573102,48,1,3918,1993,16,1,2,2,2
21573103,49,1,513,2007,16,1,1,2,2
21573105,46,1,3902,2003,16,1,1,2,2
21573105,47,1,809,1997,11,1,2,2,2
21640602,50,1,1310,1995,13,1,2,2,2
21640603,51,1,2009,2006,16,1,1,2,2
21640605,54,1,513,2008,16,1,1,2,2
21640606,55,1,2005,2010,18,1,1,2,2
21640609,56,1,3903,2007,13,1,1,2,2
21640611,57,7,2609,1990,125,2,2,2,2
21640611,58,7,2603,2002,149,2,2,2,2
21640613,60,1,2009,2002,15,1,1,2,2
21640614,59,1,2910,2010,16,1,1,2,2
21640615,75,5,3116,2000,16,1,1,2,2
21640617,65,1,4005,2005,16,1,1,2,2
22475612,28,3,523,2012,5300,1,1,2,2
22475613,29,1,2005,2010,1600,1,1,2,2
22475613,30,1,2515,1996,1600,1,1,2,2
22481216,41,1,1504,2003,1600,1,1,2,2
22481216,42,1,2801,1990,1600,1,2,2,2
22487614,31,1,903,1982,1600,1,2,2,2
22487614,32,1,907,2009,1500,1,1,2,2
22487614,33,1,2917,2010,1000,1,1,2,2
22502309,127,1,3101,2002,1100,1,1,2,2
30640551,81,1,4005,2005,16,1,1,2,2
30640555,83,1,513,2006,16,1,1,2,2
30640556,84,1,3904,1987,1600,1,2,2,2
32484702,27,3,517,1987,24,2,2,2,2
32494201,41,1,506,2006,15,1,1,2,2
32494202,29,1,4005,2006,15,2,1,2,2
32521301,31,1,516,1988,16,1,2,2,2
32521303,32,1,903,1985,13,1,2,2,2
33483602,59,3,517,2004,2004,1,1,2,2
33483607,36,1,2914,2007,1600,1,1,2,2
33483615,41,1,1602,2011,1600,1,1,2,2
33483616,42,1,2512,1992,1800,1,2,2,2
33483619,45,1,529,2011,1600,1,1,2,2
33483621,62,1,513,1999,1600,1,1,2,2
33483624,47,3,2906,2008,3000,1,1,2,2
33483629,48,1,2801,1998,1600,1,1,2,2
33483631,49,1,2910,2000,1600,1,1,2,2
33483632,50,1,519,1989,1800,1,2,2,2
33483634,51,1,2804,1994,1600,1,2,2,2
33483634,52,5,2003,1995,2700,2,1,2,2
33483635,53,1,4002,1980,1600,1,2,2,2
33483640,54,1,513,2007,1600,1,1,2,2
33483641,56,1,1605,1992,1600,1,2,2,2
34593501,65,1,1602,2004,1600,1,1,2,2
34593503,66,1,4005,2004,1500,1,1,2,2
34608201,69,1,1410,2007,1600,1,1,2,2
34608201,70,1,2502,2009,1600,1,1,2,2
34608206,72,1,2004,2004,2000,2,1,2,2
34608206,73,3,1413,2007,2400,2,1,2,2
34608206,74,1,3802,2011,2000,1,1,2,2
34610002,62,3,508,1966,0,1,2,2,2
34621102,48,1,3904,2002,1600,1,1,2,2
34622801,78,1,1308,1995,1500,1,1,2,2
34622802,79,3,3909,2008,2000,1,1,2,2
35618703,96,1,4104,1981,1300,1,2,2,2
35618704,97,3,1619,2009,2500,1,1,2,2
35633701,86,1,2914,1997,1600,1,1,2,2
35633702,89,3,529,2007,2000,1,1,2,2
35633703,90,1,3111,2002,1600,1,1,2,2
35633703,91,3,1413,1998,2300,1,1,2,2
36631201,44,3,517,1994,2300,1,1,2,2
36631203,45,1,3916,2009,1600,1,1,2,2
36631204,46,3,517,1995,2300,2,1,2,2
37579402,69,1,1602,2008,1400,1,1,2,2
37586605,64,1,3103,2009,1600,1,1,2,2
37586605,65,3,2904,2010,2500,1,1,2,2
37586606,66,3,1616,2009,2000,1,1,2,2
37586607,67,1,1613,2004,2000,1,1,2,2
37586608,68,3,1616,2008,2000,1,1,2,2
37586609,70,3,4501,2011,1600,2,1,2,2
37586610,74,3,522,2002,2000,2,1,2,2
37586611,75,3,1612,2012,1700,1,1,2,2
37586612,76,3,3910,2010,1600,1,1,2,2
37586612,77,1,4004,1995,1600,1,1,2,2
37586613,71,3,1402,2010,2000,1,1,2,2
37586614,78,3,1504,2005,2000,1,1,2,2
37586615,79,1,3917,2008,1600,1,1,2,2
37586617,80,1,529,2009,1600,1,1,2,2
37586617,81,3,2904,2011,2000,1,1,2,2
37586618,82,1,2009,2011,1600,1,1,2,2
37586619,83,1,513,2010,1600,1,2,2,2
37586620,84,1,2502,2011,1600,1,1,2,2
37586620,85,3,5201,2011,2600,2,1,2,2
37586620,86,3,4701,2011,2600,2,1,2,2
37586621,105,3,1609,2009,2500,1,1,2,2
37590502,72,1,4005,2006,1600,1,1,2,2
37598602,58,1,2005,2010,2000,1,1,2,2
37600901,114,1,528,2006,1800,1,1,2,2
38600001,32,1,4005,2004,1600,1,1,2,2
38600004,36,1,2009,2000,1300,1,1,2,2
38600007,43,3,907,2006,1300,1,1,2,2
38603102,26,1,2009,2012,1600,1,2,2,2
38603103,27,1,4110,2011,1300,1,1,2,2
38603105,28,1,2913,2010,1600,1,1,2,2
38604401,83,3,2912,1998,2400,1,1,2,2
38604401,84,3,2516,1994,2200,1,1,2,2
38604401,85,8,6301,1997,340,2,1,2,1
38604404,86,1,1605,1998,1600,1,1,2,2
38604404,87,1,4005,2006,1400,1,1,2,2
38605104,35,1,3904,2011,1600,1,1,2,2
38605702,71,1,4005,2004,1600,1,1,2,2
38605704,72,1,3802,1991,1800,1,2,2,2
38607002,36,1,3802,1997,1600,1,2,2,2
38607003,58,1,2009,2002,1500,1,1,2,2
38607702,73,1,806,2001,1800,1,1,2,2
38607704,74,1,2005,2010,1400,1,1,2,2
38607705,88,3,3910,2000,2000,1,1,2,2
38608704,55,1,3204,1998,1600,2,2,2,2
38608704,69,2,1509,2009,125,1,2,2,2
38608705,56,1,3209,2003,1600,1,1,2,2
38608708,57,1,4005,2004,1500,1,1,2,2
38608709,61,1,1605,2011,1600,1,1,2,1
38608711,60,1,3919,2008,1600,1,1,2,2
38611503,33,1,519,1989,1800,1,2,2,2
38611503,34,1,3909,2010,1600,1,1,2,2
38611504,39,1,2008,2009,1600,1,1,2,2
38612801,75,3,517,1994,2000,1,2,2,2
38612801,76,1,3802,1994,1600,1,2,2,2
38612802,77,1,3210,2004,1500,1,1,2,2
38612804,82,3,2912,2006,2400,2,1,2,2
38614001,80,3,517,1995,2200,1,1,2,2
38616504,54,1,4105,1998,1600,1,2,2,2
38618002,62,1,806,2002,1600,1,1,2,1
38618002,63,3,3116,1998,1900,2,1,2,1
38618003,89,1,3802,1996,1500,1,1,2,2
38618302,52,1,3913,2008,800,1,1,2,2
38618303,53,1,803,1995,1600,1,2,2,2
38620602,64,1,3103,2008,1400,1,1,2,2
38624703,40,1,2914,1993,1600,1,2,2,2
38624706,41,1,3913,2000,800,1,1,2,2
38624713,45,1,513,2006,1600,1,1,2,2
38624715,46,1,3920,2011,1000,1,1,2,2
38624716,47,1,2502,2011,1600,1,1,2,2
38625101,41,1,2002,1996,1500,1,1,2,2
38625101,42,1,4104,1981,1200,1,2,2,2
38625102,39,1,4004,1994,1500,1,2,2,2
38625103,40,3,3116,2007,2700,2,1,1,1
38626601,48,1,2916,1994,1800,1,2,2,2
38626602,104,1,2913,2012,1600,1,1,2,2
38630502,51,1,903,1982,12,1,2,2,2
38630504,68,1,2916,1989,15,1,2,2,2
38630506,52,1,1602,2004,16,1,1,2,2
38630515,53,1,513,2006,16,1,1,2,2
38630523,54,1,4004,1992,16,1,2,2,2
38630524,55,1,3211,2001,16,1,1,2,2
38630527,56,1,2914,1997,16,1,1,2,2
38630529,57,1,806,1999,18,1,1,2,2
38630533,58,1,2009,2003,14,1,1,2,2
38630536,59,1,4004,1999,16,1,1,2,2
38630539,60,1,2914,1996,16,1,1,2,2
38630545,61,1,3501,1997,16,1,1,2,2
38630551,62,1,4005,2003,16,1,1,2,2
38630555,63,1,3004,2000,16,1,1,2,2
38630556,64,3,2916,1999,23,1,1,2,2
39547902,18,1,3106,1996,1300,1,1,2,2
39547902,19,1,507,1998,4300,1,1,2,2
39568306,17,1,3304,2011,1600,1,1,2,1
39568309,20,3,4006,1998,2300,1,2,2,2
39568313,81,1,808,1995,1500,1,1,2,2
39578403,33,1,704,2009,1100,1,1,2,2
39578404,44,1,2007,2009,1100,1,1,2,2
39578404,53,3,4003,2008,1600,1,1,2,2
39594802,108,1,4005,2008,1500,1,1,2,2
39594802,109,1,3106,2006,1600,1,1,2,2
39595603,120,1,804,1997,1600,1,1,2,2
39597202,99,1,513,2004,1600,1,1,2,2
39597202,100,1,1608,2008,1600,1,1,2,2
39597203,101,1,2914,2000,1600,1,1,2,2
39597205,102,1,1310,1993,1600,1,2,2,2
39597206,103,1,510,1997,1600,1,1,2,2
39597206,119,1,513,2002,1600,1,1,2,2
39597211,122,1,513,2003,1600,1,1,2,2
40579101,60,2,7401,2010,200,1,2,2,2
41567801,26,1,903,2004,16,1,1,2,2
42547502,64,3,2912,2001,25,1,1,2,1
42552002,73,1,903,1981,13,1,2,2,2
43541302,36,1,2009,2009,15,1,1,2,2
44569501,28,1,7101,2010,16,1,1,2,2
44584801,29,3,529,2007,23,1,1,2,2
44584804,36,1,4002,1999,16,1,1,2,2
44584804,37,8,1609,2005,27,2,1,2,2
44584805,31,3,4701,2010,23,1,1,2,2
44584806,33,1,1602,2006,16,1,1,2,2
44584807,34,1,4005,2011,16,1,1,2,2
44584809,35,1,513,2005,17,1,1,2,2
44584811,38,1,4005,2010,16,1,1,2,2
44584813,39,1,519,1994,16,1,1,2,2
44584814,40,1,2917,2012,10,1,1,2,2
44584817,42,1,2914,1995,16,1,2,2,2
44584818,43,1,2512,1998,16,1,1,2,2
44584827,45,3,2013,1994,22,1,2,2,2
44584828,46,1,804,2001,16,1,1,2,2
44584829,47,1,1602,2002,16,1,1,2,2
44584835,49,3,1306,1996,15,1,1,2,2
44584837,67,1,1308,1999,16,1,1,2,2
44587003,23,3,1306,1990,16,1,2,2,2
603417,111,1,4401,1982,1300,1,2,2,2
603464,113,1,529,2011,1400,1,1,2,2
603474,110,3,703,2006,1500,2,1,2,2
603504,107,3,3802,2003,20000,1,1,2,2
603506,108,1,513,2004,1500,1,1,2,2
603506,109,3,1306,1992,1300,1,2,2,2
603517,77,1,2804,2008,1600,1,1,2,2
603517,78,3,1413,1997,2300,1,1,2,2
603524,76,1,3103,2003,1600,1,1,2,2
603567,87,1,3111,2006,2000,1,1,2,2
603567,88,1,504,1996,1400,1,1,2,2
603568,92,1,1403,1993,1900,1,2,2,2
603593,89,1,2916,1989,2000,1,2,2,2
603593,90,2,5101,2006,125,1,1,2,2
603595,95,1,513,2003,1600,1,1,2,2
603598,93,1,2914,1994,1600,1,2,2,2
603598,94,3,2901,1992,2000,2,2,2,2
603606,105,1,2610,1996,3200,1,1,2,2
603606,106,3,3802,2011,3600,1,1,2,2
603617,104,1,2801,2008,1300,1,1,2,2
603647,101,1,4005,2006,1600,1,1,2,2
603660,97,1,2512,1994,1600,1,2,2,2
603660,98,1,3911,2003,1100,1,1,2,2
603720,102,3,4901,1996,1500,1,1,2,2
603720,103,2,7201,2008,150,1,1,2,2
603734,100,1,3904,1997,1600,1,1,2,2
603738,99,3,1612,2008,2700,1,1,2,2
603798,96,1,3106,1995,1400,1,2,2,2
603826,56,1,2005,1996,1100,1,1,2,2
603840,57,1,2804,2010,1600,1,1,2,2
603840,58,1,513,2004,1600,1,1,2,2
603852,53,3,2912,2005,2400,2,1,2,2
603874,54,1,3304,2012,1600,1,1,2,2
603874,55,1,1602,2004,1600,1,1,2,2
603926,68,3,4003,2008,2000,2,1,2,2
603960,16,1,510,1988,1600,1,1,2,2
603971,23,1,524,2009,1800,1,1,2,2
603971,24,1,1413,2009,3200,2,1,2,2
603981,13,1,2913,2011,2000,1,1,2,1
603981,14,1,513,2004,1100,1,1,2,2
603983,15,3,517,2006,2000,1,1,2,2
604048,26,1,516,1987,1300,1,2,2,2
604055,9,3,2901,1992,2200,1,2,2,2
604057,11,1,3902,2007,1600,1,1,2,2
604062,10,1,2914,2003,1600,1,1,2,2
604085,7,5,1619,2010,2400,2,1,1,2
604101,22,1,2009,2006,1600,1,1,2,2
604103,21,3,1607,2001,2300,1,1,1,2
604125,127,1,3802,1991,2000,1,2,2,2
604130,133,1,2515,1998,1600,1,1,2,2
604144,181,1,713,2005,1400,1,1,2,2
604144,182,3,517,1997,2400,1,1,2,2
604153,118,1,3802,2002,2000,1,1,2,2
604167,116,1,1605,2011,1600,1,1,2,2
604167,117,1,529,2012,1300,1,1,2,2
604175,126,1,3206,2005,1600,1,1,2,2
604181,122,3,4003,1993,2400,1,2,2,2
604197,124,1,3114,1985,2000,1,2,2,2
604213,125,1,521,2012,1600,1,1,2,2
604248,180,1,2914,1998,1600,1,1,2,2
604267,123,1,4002,2011,1600,1,1,2,2
604314,118,1,808,1994,1500,1,2,2,2
604325,95,1,1413,1993,2000,1,2,2,2
604332,119,1,3904,2002,1600,1,1,2,1
604333,69,1,4002,1994,1600,1,2,2,2
604335,98,1,1101,2009,2400,2,1,2,2
604335,99,3,2912,2008,2000,2,1,2,2
604338,70,3,2916,2000,2000,1,1,2,2
604340,71,1,4002,2006,2000,1,1,2,2
604340,72,3,517,2003,2000,1,1,2,2
604351,135,1,4005,2010,1600,1,1,2,2
604353,80,1,3802,2009,1600,1,1,2,2
604365,77,1,710,2009,1600,2,1,2,1
604365,78,1,706,2008,2000,2,1,2,1
604365,79,1,2906,2003,3000,1,1,2,1
604370,75,3,509,2007,2400,2,1,2,1
604370,76,3,3909,2001,2000,1,1,2,1
604376,73,1,1309,2005,1600,1,1,2,2
604376,74,3,3914,1998,1300,1,1,2,2
604424,89,1,4005,2009,1500,1,1,2,2
604424,90,5,529,2012,1300,1,1,2,2
604427,93,1,4006,2011,2000,1,1,2,2
604438,91,1,3901,2009,1600,1,1,2,1
604438,92,1,1619,2007,1600,1,1,2,2
604481,7,1,2914,1997,1600,1,2,2,2
604528,1,3,517,1993,1600,1,2,2,2
604538,3,1,2914,1991,1600,1,2,2,2
604538,4,8,3103,1974,5000,2,2,2,2
605417,102,3,4006,1994,2000,2,2,2,2
605442,105,1,4005,2005,1500,1,1,2,2
605466,113,1,4005,2003,1600,1,2,2,2
605466,114,6,1618,2007,2500,2,1,2,2
605466,115,2,1509,2008,125,1,2,2,2
605474,111,1,521,2009,1600,1,1,2,2
605474,112,1,1308,1995,1400,1,2,2,2
605497,157,3,1615,2007,3000,2,1,2,2
605497,158,3,2912,2007,2500,2,1,2,2
605497,159,3,1413,2002,2400,1,1,2,2
605499,155,1,4005,2010,1600,1,1,2,2
605509,156,3,3918,2000,1600,1,1,2,2
605527,94,1,506,2006,1600,1,1,2,2
605527,95,3,507,1989,4000,1,2,2,1
605543,160,1,4005,2007,1600,1,1,2,1
605543,161,6,703,2006,1800,2,1,2,2
605574,6,1,2501,2005,1600,1,1,2,1
605594,9,3,2912,2008,2000,1,2,2,2
605599,10,1,506,2009,1600,1,2,2,2
605626,7,1,4105,2004,1600,1,2,2,2
605641,116,3,1109,2011,2400,1,1,2,2
605641,117,1,521,2006,1600,1,2,2,2
605648,119,3,529,2008,2400,1,1,2,2
605657,118,3,529,2009,2400,2,1,2,2
605684,1,1,4002,2005,1600,1,2,2,2
605689,5,1,1410,2008,1800,1,2,2,2
605715,106,1,4002,2006,1600,1,1,2,2
605734,108,1,2007,2012,1200,1,2,2,2
605747,107,1,3104,2005,1600,1,2,2,1
605775,96,1,2502,2008,1600,1,1,2,2
605775,97,1,4002,1992,1600,1,2,2,2
605789,98,1,3915,2009,2000,1,2,2,1
605789,99,1,3915,2008,1600,1,2,2,2
605828,28,1,1602,2000,1600,1,1,2,2
605913,29,1,529,1998,1600,1,1,2,2
605944,34,1,801,1997,2000,1,2,2,2
605946,29,1,4106,1997,1800,1,2,2,2
605946,30,3,4003,2001,2400,1,1,2,2
605953,28,1,2914,1995,1600,1,2,2,2
605973,26,1,2002,1997,1500,1,2,2,2
606000,35,3,2912,2003,2400,1,1,2,2
606009,72,1,1606,1990,1500,1,2,2,2
606015,73,1,1612,2012,2400,1,1,2,2
606025,77,1,504,2003,2000,1,2,2,2
606039,48,1,516,1989,1500,1,2,2,2
606047,46,1,1602,2001,1500,1,1,2,2
606047,47,1,2512,1991,1500,1,2,2,2
606069,45,1,4105,2008,1600,1,2,2,2
606081,44,1,3106,2000,1600,1,1,2,2
606092,57,1,524,2008,1200,1,1,2,2
606112,71,1,521,2005,1500,1,1,2,2
606120,70,1,1307,2006,1300,1,1,2,2
606125,69,1,513,2002,1500,1,1,2,2
606150,63,1,4106,1993,1800,1,2,2,2
606170,33,3,517,2005,2800,2,1,2,2
606185,27,1,2512,2003,1600,1,1,2,2
606189,32,3,4501,2007,2500,2,1,2,2
606189,136,2,7001,2007,250,1,2,2,2
606208,90,1,1602,1998,1500,1,2,2,2
606209,56,1,4501,2010,1600,1,1,2,2
606231,91,1,4001,1998,1600,1,1,2,2
606231,92,2,4801,2007,125,1,2,2,2
606235,58,6,2013,2011,1800,1,1,2,2
606237,40,1,2913,2011,1600,1,1,2,2
606258,39,3,2013,2003,2000,2,1,2,2
606265,41,1,4005,2008,1300,1,1,2,2
606291,42,1,3103,2007,1700,1,2,2,2
606291,43,1,524,2010,1600,1,1,2,2
606306,37,1,3801,1993,1600,1,2,2,2
606308,38,3,2916,1995,2100,1,2,2,2
606352,68,1,2911,1990,1500,1,2,2,2
606359,64,1,2914,2005,1600,1,1,2,2
606359,65,1,1503,1998,1700,1,2,2,2
606359,66,1,2907,2008,1500,1,2,2,2
606359,67,1,4005,2010,1500,4,1,2,2
606409,134,1,803,1996,1500,1,2,2,2
606413,53,1,1307,2007,1800,1,1,2,2
606429,54,1,808,1980,2400,1,2,2,2
606429,55,1,3502,1992,1600,1,1,2,2
606444,136,5,1618,2001,2500,2,1,1,2
606444,137,5,4005,1989,1600,1,2,2,2
606467,140,1,513,2011,1300,1,1,2,2
606482,12,3,4003,2005,2000,2,1,2,2
606485,11,1,1619,2002,2000,1,1,2,2
606499,18,1,519,1997,1600,1,1,2,2
606500,20,1,2007,2007,1600,1,1,2,2
606500,21,1,3802,1979,600,1,2,2,2
606520,13,1,803,1996,1600,1,1,2,2
606598,8,1,4601,2011,1300,1,1,2,2
606622,24,1,511,2005,1700,1,1,2,2
606668,9,1,3920,2011,1000,1,1,2,2
606802,22,1,2005,2009,1300,1,1,2,2
606812,19,1,2914,1987,1600,1,2,2,2
606814,5,3,1413,2007,2000,1,1,2,2
606816,4,7,2609,2000,6000,2,1,2,2
606820,3,1,511,1980,1600,1,2,2,2
606840,6,1,2914,2005,1600,1,1,2,2
606847,17,1,3916,1998,1600,1,1,2,2
606862,7,1,2009,2008,1500,1,1,2,2
606935,15,1,4004,1991,1600,1,2,2,2
606957,10,2,6101,2008,200,1,1,2,2
607024,16,1,2801,1992,1800,1,2,2,2
607105,118,5,3916,1990,800,1,2,2,2
607107,122,3,2013,2008,2400,2,1,2,2
607108,121,1,4110,1998,1400,1,1,2,2
607133,120,1,4105,2007,1600,1,1,2,2
607152,129,1,513,2006,1400,1,1,2,2
607154,123,1,1602,2006,1600,1,1,2,2
607224,124,1,2009,2008,1600,1,1,2,2
607244,125,3,2912,2008,2400,2,1,2,2
607248,127,4,1618,2001,2400,2,1,2,2
607306,80,3,2912,2009,2000,2,1,2,2
607311,79,1,4005,2010,1600,2,1,1,2
607404,76,1,513,2004,1600,1,1,2,2
607461,90,1,4002,1990,1600,1,2,2,2
607469,91,1,3920,2011,1000,1,1,2,2
607504,75,1,506,2005,1600,1,1,2,2
607589,81,1,4501,2012,1600,1,1,2,2
607615,82,1,1606,1998,1500,1,1,2,2
607655,78,1,2911,1989,1500,1,2,2,2
607658,77,1,3913,1997,1300,1,1,2,2
607721,50,1,513,2000,1600,1,1,2,2
607727,47,1,4004,2000,1600,1,1,2,2
607799,48,1,524,2012,1200,1,1,2,2
607860,51,3,517,1982,2000,1,2,2,2
607861,52,1,3103,2002,1300,1,1,2,2
608005,70,1,2911,1987,1600,1,2,2,2
608065,71,3,2005,2011,2500,2,2,2,2
608090,59,3,517,1992,1600,1,2,2,2
608094,58,3,517,1994,1600,1,2,2,2
608127,63,1,513,2007,1600,1,1,2,2
608130,67,1,2913,2007,1600,1,1,2,1
608155,69,1,2008,1999,1100,1,1,1,2
608161,68,3,517,2007,2400,2,2,2,2
608169,81,3,4003,2006,2500,2,1,2,2
608189,74,1,2914,1996,1600,1,1,2,2
608197,73,1,2512,1998,2000,1,1,2,2
608252,51,3,508,1982,3200,2,2,2,2
608266,50,1,4005,2004,1600,1,1,2,2
608284,56,1,4005,2004,1600,1,1,2,2
608370,60,3,2916,1987,1600,1,2,2,2
608398,47,1,3104,2002,1600,1,1,2,2
608398,52,3,703,2011,1600,2,2,1,2
608408,55,3,4401,1986,1600,1,2,2,2
608409,46,3,4003,2008,2400,2,1,2,2
608437,49,1,2910,1991,1600,1,2,2,2
608442,48,2,5501,2009,150,1,2,2,2
608475,105,1,2911,1988,1500,1,2,2,2
608511,82,8,5401,1985,2800,2,2,2,2
608665,10,1,3920,2011,1000,1,1,2,2
609593,84,1,513,2010,1600,1,1,2,2
609726,23,3,2914,2003,1800,2,1,2,2
609768,24,1,513,1996,1300,1,1,2,2
609796,25,1,3103,2006,1600,1,1,2,2
609905,27,8,1619,1986,2400,1,2,2,2
609912,126,1,1602,2008,1400,1,1,2,2
609920,26,1,2910,1990,1600,2,2,2,2
609966,40,1,3104,2003,1600,1,1,2,2
609966,41,1,3103,2006,1800,1,1,2,2
609978,42,1,903,1981,1100,1,2,2,2
610065,39,3,2901,2000,24,1,1,2,2
610120,130,1,1303,1982,850,1,2,2,2
610123,44,3,517,1988,2000,1,2,2,2
610123,45,1,4005,2011,1500,1,1,2,2
610191,46,3,2906,1997,33,1,1,2,2
610206,19,1,904,1980,550,1,2,2,2
610206,20,8,1610,2008,3500,2,1,2,2
610254,47,1,3116,1994,1600,1,2,2,2
610302,48,1,4002,1977,1200,1,2,2,2
610302,49,1,4601,2011,1300,1,1,2,2
610323,30,1,3906,1982,800,1,2,2,2
610323,31,8,1701,2006,3900,2,1,2,2
610323,32,2,7501,2007,100,1,2,2,2
610386,34,1,4005,2001,1500,1,1,2,2
610388,35,1,2913,2011,1800,1,1,2,2
610433,128,1,5701,1994,1600,1,2,2,2
610484,5,1,1619,2007,1600,2,2,1,2
610535,26,1,2204,1991,1500,1,2,2,2
610547,27,3,2013,2000,2000,2,2,2,2
610550,16,1,3802,1992,1600,1,2,2,2
610569,17,1,2916,1981,1600,1,2,2,2
610577,18,1,4005,2004,1600,1,1,2,2
610613,30,3,4003,1995,2400,1,1,2,2
610627,31,1,529,2011,1500,1,1,2,2
610676,28,1,6801,2001,1300,1,1,2,2
610677,29,1,3917,1992,1300,1,2,2,2
610685,35,3,1613,1991,1600,1,2,2,2
610704,25,1,1403,1982,2000,1,2,2,2
610744,34,2,7301,2011,250,1,2,2,2
610814,35,1,511,1989,1400,1,2,2,2
610817,33,3,3116,2011,1600,2,1,1,2
610830,38,1,2901,1999,1600,1,2,2,2
610835,39,1,513,2007,1600,1,1,2,2
610913,68,1,4401,1982,1800,1,2,2,2
610997,26,1,4110,2006,1300,1,1,2,2
611016,30,1,513,2005,1600,2,1,2,2
611051,49,3,508,1991,3300,2,2,2,2
611054,45,1,3204,1998,1800,2,2,2,2
611085,46,3,2803,1995,2400,1,2,2,2
611104,44,3,3918,1992,1800,1,2,2,2
611127,40,3,2901,1992,2000,1,2,2,2
611215,41,5,1619,2004,2800,2,2,2,2
611230,42,1,4004,1998,1500,1,1,2,2
611282,4,1,2910,2006,1800,1,2,2,2
611326,12,1,1602,1997,1500,1,1,2,2
611328,8,8,6001,2010,6000,1,1,1,2
611331,1,1,2914,1993,1600,1,2,2,2
611351,13,1,3801,1996,2000,1,1,2,2
611357,6,1,1605,1998,1600,1,1,2,2
611376,7,1,504,1992,1600,1,2,2,2
611394,21,3,508,1996,2500,1,1,2,2
611397,22,3,1615,2007,2700,2,1,2,2
611399,20,3,2013,2002,2500,2,1,2,2
611406,24,1,3113,1982,1800,1,2,2,2
611412,31,1,4002,1991,1300,1,2,2,2
611418,22,3,517,1998,1800,1,2,2,2
611418,23,3,1403,1998,1600,1,2,2,2
611476,28,1,513,2001,1600,1,1,2,2
611499,29,1,2911,1999,1600,1,2,2,2
611503,32,1,1602,1998,1500,1,2,2,2
611521,23,3,2004,1995,2400,2,1,2,2
611639,17,3,2801,2000,0,2,2,2,2
611713,38,1,513,2005,1600,1,1,2,2
611724,37,1,1309,1997,1600,1,1,2,2
611792,44,3,4006,2007,2400,1,1,2,2
611794,45,1,4005,2008,1600,1,1,2,2
611797,40,1,1619,2005,1500,1,1,2,2
611797,41,7,2609,1997,2000,2,2,2,2
611848,42,3,1413,1996,2300,1,1,2,2
611886,3,1,4005,2004,16000,1,1,1,2
611890,84,1,506,2009,1600,1,1,2,2
611891,85,1,3106,1995,1600,1,1,2,2
611905,1,1,2007,2011,1100,1,1,2,2
611947,94,1,903,1980,850,1,2,2,2
611965,108,1,4005,2009,1600,1,1,2,2
611989,101,1,2601,2006,1600,1,1,2,2
611996,116,1,3112,2007,1600,1,1,2,2
611997,95,3,4003,1998,2400,1,1,2,2
611998,96,1,4110,2007,2000,1,1,2,2
612003,81,2,5101,2008,125,1,2,2,2
612003,82,1,3917,2004,1600,1,1,2,2
612006,98,1,2009,2009,1600,1,1,2,2
612014,97,1,2009,2004,1600,1,1,2,2
612018,99,3,1413,2004,2400,1,1,2,2
612057,105,3,2916,1998,1800,1,1,2,2
612065,104,1,808,1998,1600,1,1,2,2
612069,106,3,2912,2010,2400,1,1,2,2
612069,107,3,3918,2000,2000,1,1,2,2
612118,93,1,2914,2005,1600,1,1,2,2
612124,70,1,4005,2011,1600,1,1,2,2
612130,71,1,2911,1991,1500,1,2,2,2
612139,69,1,512,2000,1800,2,1,2,2
612174,110,3,2912,2006,2400,1,1,1,2
612174,111,3,1610,2008,2800,2,1,2,2
612191,109,3,517,2004,2400,2,1,2,2
612203,102,1,4005,2006,1600,1,1,2,2
612208,103,1,513,2006,1600,1,1,2,2
612220,112,1,524,2009,1300,1,1,2,2
612220,113,3,1613,2008,2000,2,1,2,2
612224,114,1,806,2004,1800,1,1,2,2
612226,115,1,2804,2005,1800,1,1,2,2
612374,53,3,2003,1989,2400,2,2,2,2
612380,80,1,2914,2008,1600,1,1,1,2
612395,83,1,3211,2010,1600,1,1,2,2
612398,51,1,3211,1996,1600,1,2,2,2
612399,50,1,513,2000,1600,1,1,2,2
612403,54,1,1108,2010,2000,1,1,2,2
612415,60,1,4105,2006,1600,1,1,2,2
612434,47,1,907,1993,1600,1,2,2,2
612434,66,3,3915,1986,2000,1,2,2,2
612440,46,3,3116,2006,1800,2,1,2,2
612446,64,1,2910,1998,1600,1,1,2,2
612452,63,1,513,2003,1600,1,1,2,2
612468,65,3,1413,2000,2400,1,1,2,2
612472,44,3,517,2006,2400,1,1,2,2
612472,45,3,5601,2010,2400,2,1,2,2
612474,43,1,2911,1989,1500,1,2,2,2
612474,68,1,4005,2006,2006,1,1,2,2
612496,61,3,2912,2008,2400,2,1,2,2
612496,67,1,2917,2010,1500,1,1,2,2
612499,62,3,529,2011,2000,2,1,2,2
612511,58,3,4006,1956,20000,1,2,2,2
612517,59,1,4004,2000,1600,1,1,2,2
612527,49,1,517,1994,2300,1,2,2,2
612566,7,3,4003,2006,1800,1,1,2,2
612572,8,3,2915,2010,2500,1,1,2,2
612583,6,3,517,2005,1800,2,1,2,2
612631,11,3,517,1999,2200,1,2,2,2
612642,9,1,1606,2011,1600,1,1,2,2
612670,21,5,907,1982,550,1,2,2,2
612671,16,3,2901,1998,2400,1,2,2,2
612764,10,1,4003,1989,2200,1,2,2,2
612803,12,1,511,1992,1300,1,2,2,2
612803,13,5,2916,1996,1600,1,2,2,2
612911,15,1,4002,1988,1400,1,2,2,2
612938,14,1,519,1992,1600,2,2,2,2
612950,62,1,801,1996,1500,1,1,2,2
612973,65,1,3904,1996,1600,1,1,2,2
612975,70,5,1306,1992,1300,1,2,2,2
612979,64,3,517,1993,1600,1,2,2,2
612989,57,1,1614,1997,1600,1,1,2,2
613013,58,1,519,1990,1800,1,2,2,2
613028,60,1,1602,2010,1300,1,1,2,2
613062,59,1,3104,2002,1600,1,1,2,2
613089,64,1,2007,2010,1200,1,1,2,2
613089,65,1,2914,1998,1600,1,1,2,2
613110,66,1,1503,1996,1600,1,1,2,2
613210,86,1,2916,2010,1500,1,2,2,2
613323,84,1,3920,2011,1000,1,1,2,2
613395,88,1,2204,1993,1300,1,2,2,2
613399,89,1,3304,2011,1600,1,1,2,2
613414,87,1,2009,2012,1400,1,1,2,2
613458,74,1,4005,2006,1500,1,2,2,2
613467,78,1,1307,2008,1600,1,1,2,2
613467,79,3,1402,2009,3000,1,2,2,2
613537,75,1,3904,2001,1600,1,2,2,2
613537,76,6,3913,1989,1000,1,2,2,2
613581,81,1,801,1998,1500,1,2,2,2
613635,82,3,2806,1995,2500,2,2,2,2
613697,129,3,3909,2008,1900,2,1,2,2
613697,130,1,3103,2008,1600,1,1,2,2
613707,126,1,1103,2011,3600,1,1,2,1
613707,127,1,1618,2009,1500,1,1,2,2
613707,128,1,3801,2004,1500,1,1,2,2
613749,137,1,907,2007,1600,1,1,2,2
613753,138,1,903,1981,1600,1,2,2,1
613776,140,3,1413,1997,2200,1,2,2,2
8400303,6,1,2004,2001,1800,1,1,2,2
8400303,7,1,5801,2010,1300,1,1,2,2
8400304,8,1,1410,2008,1600,1,1,2,1
8400305,9,1,513,2002,1800,1,1,2,2
8400307,11,1,1602,2006,1400,1,1,2,2
8400308,12,3,2914,2002,2400,1,1,2,2
8400603,2,3,2916,1991,2400,1,2,2,2
8400604,3,1,1303,1981,1300,1,2,2,2
8400606,4,3,4003,1995,2400,1,1,2,2
8400607,5,3,517,1990,1600,1,2,2,2
46122434,114,1,504,2011,1600,1,1,2,2
48131103,14,1,4005,2009,1600,1,1,2,2
51063801,8,5,3915,1982,900,1,2,2,2
51065203,9,1,904,1979,800,1,2,2,2
51065205,2,3,2912,1993,1600,1,1,2,2
51069102,62,3,2912,2004,2400,2,1,2,2
51073104,61,2,1509,2006,750,1,1,2,2
56057001,41,1,3106,2001,1600,1,1,2,2
56126801,42,3,2803,2006,2300,2,1,2,2
58137221,86,1,3911,2005,1300,1,1,2,2
58137222,87,3,3802,2002,2000,1,1,2,2
58137222,88,3,1413,2008,3000,1,1,2,2
58137222,112,1,513,2009,1600,1,1,2,2
58137223,90,1,2508,2009,2000,1,1,2,1
58140318,83,1,1501,1992,1800,1,2,2,2
58140318,84,1,3906,1997,1400,1,1,2,2
58140319,85,1,3802,1990,1600,1,2,2,2
62180423,96,1,4106,2005,1400,1,1,2,2
62180423,97,3,1102,2000,3000,2,2,2,2
62180527,106,1,1602,2010,1600,1,1,2,2
62180527,107,3,1405,2011,2500,1,1,2,2
62180528,108,1,4106,2002,1400,1,1,2,2
62180528,109,1,2913,2011,1600,1,1,2,2
62180529,111,1,513,2001,1600,1,1,2,2
62181126,102,1,529,2010,2000,1,2,2,2
63139209,143,1,5001,2011,2000,1,1,2,2
63139209,144,3,3211,2011,2400,1,1,2,2
63294410,149,1,4004,1997,1600,1,1,2,2
63294411,150,1,3103,1994,1400,1,2,2,2
64150301,42,1,3104,2005,1800,1,1,2,2
64150302,43,1,710,2005,1600,2,1,2,2
67252601,61,1,4002,2004,1600,1,1,2,2
67252602,62,1,101,2010,1800,1,1,2,2
67252602,63,3,1405,2000,3900,1,1,2,2
67252801,64,1,3909,2006,1600,1,1,2,2
67252801,65,1,2508,2011,2000,1,1,2,2
67252802,66,1,4002,2010,1600,1,1,2,2
67252802,67,1,1605,2010,1600,1,1,2,2
68158707,129,1,807,1997,1600,1,1,2,2
69087102,83,1,528,2004,1600,1,1,2,2
69087102,84,3,2516,1997,2200,1,1,2,2
69087103,85,1,1602,2002,1600,1,1,2,2
69087103,86,1,2013,2011,2000,1,1,2,2
69087103,87,1,3909,2009,2000,1,1,2,2
69087104,88,1,4006,2011,4000,1,1,2,2
69087201,81,1,4106,2004,1300,1,1,2,2
69087201,82,3,2912,2003,3200,2,1,2,2
69279101,134,1,3304,2008,1600,1,1,2,2
70187002,52,1,2914,2004,1600,1,1,2,2
71090901,121,1,3917,2009,1500,1,1,2,2
71090902,120,1,2007,2010,1100,1,1,2,2
71091301,122,1,3904,1997,1600,1,1,2,2
71168801,109,1,3917,1991,1600,1,2,2,2
72095104,65,1,2914,1998,1600,1,1,2,2
72095104,66,1,2914,2010,1600,1,1,2,2
72095214,168,5,2609,2008,2700,2,1,2,2
78246001,14,3,4003,2011,2500,2,1,2,2
82035014,72,3,1309,1987,1300,1,2,2,2
84001202,13,3,4006,2010,2400,1,1,2,2
84001206,18,1,3913,2001,800,1,1,2,2
84001207,21,3,1309,2010,1600,1,1,2,2
84103701,85,1,1503,1979,1600,1,2,2,2
84103703,86,1,4005,2006,1600,1,1,2,2
84103704,87,1,2910,1992,1600,1,1,2,2
84103704,88,2,5501,2010,125,1,2,2,2
84103705,89,1,529,2011,2000,1,1,2,2
84225803,36,1,2910,1997,1600,1,1,2,2
84293901,28,1,519,1997,1800,1,1,2,1
84293904,29,1,5301,2010,1100,1,1,2,2
85008001,36,1,1606,2009,1600,2,1,2,2
85008008,37,3,4003,1999,2500,2,1,2,2
85010502,69,3,513,2000,1600,1,1,2,2
85103002,2,3,3909,2000,2000,1,2,1,2
85103003,3,1,510,1999,2000,1,1,2,2
87025705,27,1,504,1998,1800,1,2,2,2
88015901,61,1,3904,1998,1600,1,1,2,2
88015902,63,3,4003,1992,2500,2,2,2,2
88026501,74,8,5401,1993,2800,2,2,2,2
88173612,66,3,517,1994,2300,1,2,2,2
89264701,120,3,1413,2000,2400,1,1,2,2
89264701,121,1,3801,2004,1600,1,1,2,2
91209701,56,1,3003,2008,1600,1,1,2,2
